trans_num,category,amt,gender,state,zip,lat,long,city_pop,job,unix_time,merch_lat,merch_long,trans_date,age,is_fraud
16bf2e46c54369a8eab2214649506425,health_fitness,24.84,F,TX,79759,31.8599,-102.7413,23,Cytogeneticist,1371852399,32.575873,-102.60429,20200621,52,1
ab4b379d2c0c9c667d46508d4e126d72,misc_net,780.52,M,WI,53803,42.5545,-90.3508,1306,Public relations officer,1371853942,42.461127,-91.147148,20200621,63,1
47a9987ae81d99f7832a54b29a77bf4b,entertainment,620.33,M,WI,53803,42.5545,-90.3508,1306,Public relations officer,1371854247,42.771834,-90.158365,20200621,63,1
fe956c7e4a253c437c18918bf96f7b62,shopping_net,1077.69,M,LA,70726,30.459,-90.9027,71335,Herbalist,1371854335,31.204974,-90.261595,20200621,27,1
f6838c01f5d2262006e6b71d33ba7c6d,shopping_pos,842.65,F,TX,79759,31.8599,-102.7413,23,Cytogeneticist,1371855736,31.315782,-102.73639,20200621,52,1
0bac42920027f9b7b3d328bda2709983,health_fitness,22.55,F,FL,32960,27.633,-80.4031,105638,"Librarian, public",1371856572,28.396402,-80.819469,20200621,35,1
eb388ceabaf56474808664772b2d5853,shopping_net,1128.26,M,LA,70726,30.459,-90.9027,71335,Herbalist,1371856904,30.354797,-91.146131,20200621,27,1
aff46f2741b3501d32b447f842618666,shopping_net,931.82,M,LA,70726,30.459,-90.9027,71335,Herbalist,1371857727,30.761363,-91.7136,20200621,27,1
8cabf98e58e2b29f7684362fea1f026c,shopping_net,983,M,LA,70726,30.459,-90.9027,71335,Herbalist,1371858026,29.902451,-91.749089,20200621,27,1
1799ffe421a2a05dc87903e379140f55,shopping_net,955.16,M,WI,53803,42.5545,-90.3508,1306,Public relations officer,1371859145,43.027879,-90.493768,20200621,63,1
720905fa777ec90291cfd002fd12d67f,misc_net,701.81,M,LA,70726,30.459,-90.9027,71335,Herbalist,1371859600,30.652786,-90.206798,20200622,27,1
5461e8c92d8b6512c620b2f943ff8ffa,misc_pos,8.39,F,FL,32960,27.633,-80.4031,105638,"Librarian, public",1371863882,27.059901,-80.32383,20200622,35,1
219c46c355f98b732d9a36818c5b8a88,grocery_pos,326.94,M,LA,70726,30.459,-90.9027,71335,Herbalist,1371864313,29.784597,-90.671894,20200622,27,1
7220be6f2a92f9c1056d2bcf46c986bd,grocery_pos,353.08,F,FL,32960,27.633,-80.4031,105638,"Librarian, public",1371866073,28.256217,-80.914551,20200622,35,1
2316b3d5045b9dcba383d5c27031ea4a,misc_net,868.48,M,LA,70726,30.459,-90.9027,71335,Herbalist,1371872315,30.283263,-90.606406,20200622,27,1
d40a602f3d62fc3849bacd25c413952b,grocery_net,13.25,F,FL,32960,27.633,-80.4031,105638,"Librarian, public",1371872900,27.874482,-80.381534,20200622,35,1
20ffa4abb3d483d9558c33640be75066,shopping_pos,777.45,F,FL,32960,27.633,-80.4031,105638,"Librarian, public",1371873336,27.913215,-80.423565,20200622,35,1
4ee010ce369915da173469857effcea5,shopping_net,967.86,F,FL,32960,27.633,-80.4031,105638,"Librarian, public",1371877105,28.218323,-80.97967,20200622,35,1
d6f6c02b96059201092cab8cef7ceabf,shopping_pos,825.81,M,LA,70726,30.459,-90.9027,71335,Herbalist,1371937865,29.477134,-90.715715,20200622,27,1
a965da9bc7daef7f526ce640d5c090ae,personal_care,21.92,F,FL,32960,27.633,-80.4031,105638,"Librarian, public",1371939613,27.339943,-81.199244,20200622,35,1
c3a4aa2a2242f932c576d974dae46a34,health_fitness,21.74,F,FL,32960,27.633,-80.4031,105638,"Librarian, public",1371942505,26.782874,-79.428065,20200622,35,1
217ca81136b86234abecc0ece6358f96,home,250.32,F,FL,32960,27.633,-80.4031,105638,"Librarian, public",1371944147,27.27806,-79.594618,20200622,35,1
6337ebf236753a68a2697295960a30b7,grocery_pos,315.45,M,NY,14141,42.52,-78.6847,7728,"Scientist, research (maths)",1372033605,42.385601,-79.023729,20200624,62,1
193eebbe720a3f04ab49e04ec2355902,grocery_pos,279.78,M,NY,14141,42.52,-78.6847,7728,"Scientist, research (maths)",1372034664,41.898108,-78.397992,20200624,62,1
a623c5c05b514e3d56ee333bd5565adc,grocery_pos,287.38,M,NY,14141,42.52,-78.6847,7728,"Scientist, research (maths)",1372042610,42.012741,-79.204228,20200624,62,1
e1cc0619cfe18299992638e7a19d5b3d,grocery_pos,276.4,M,NY,14141,42.52,-78.6847,7728,"Scientist, research (maths)",1372044116,43.042593,-79.052508,20200624,62,1
75ecf87a722ea6a87d1d0dbb72919412,gas_transport,7.82,M,NY,14141,42.52,-78.6847,7728,"Scientist, research (maths)",1372044820,41.864069,-79.633384,20200624,62,1
80275a9dbfd3b1a7a5a11bcaa000afab,misc_net,790.54,M,NY,14141,42.52,-78.6847,7728,"Scientist, research (maths)",1372111435,43.22957,-78.451208,20200624,62,1
16aee906e2a1167ab8c20770a5b7cf79,misc_net,723.23,M,NY,14141,42.52,-78.6847,7728,"Scientist, research (maths)",1372111631,41.673916,-78.922416,20200624,62,1
75365b9ba05a150f1751934da9b67d9b,personal_care,46.36,F,ME,4680,44.4971,-67.9503,1131,Make,1372112786,44.408786,-66.960745,20200624,62,1
5b52378eee32883f0dd60e506ac911fd,shopping_pos,996.31,M,NY,14141,42.52,-78.6847,7728,"Scientist, research (maths)",1372113010,43.110777,-78.685005,20200624,62,1
6e37d3d1cc9d701679fd3910c20808d6,shopping_net,902.3,M,NY,14141,42.52,-78.6847,7728,"Scientist, research (maths)",1372115194,41.940223,-78.541627,20200624,62,1
b971b65d32c1d9b36223370bb5744a94,shopping_pos,741.77,M,NY,14141,42.52,-78.6847,7728,"Scientist, research (maths)",1372115728,43.225233,-77.814218,20200624,62,1
53252776f86750964b0ab9b922708d15,shopping_net,900.77,F,ME,4680,44.4971,-67.9503,1131,Make,1372116006,44.971125,-68.909197,20200624,62,1
8c171170a9bf40cd94df9c66c3ede970,shopping_pos,1047.3,M,NY,14141,42.52,-78.6847,7728,"Scientist, research (maths)",1372116262,43.217469,-78.336094,20200624,62,1
684959c9c371a7c2407502b86861bd76,misc_net,737.99,F,ME,4680,44.4971,-67.9503,1131,Make,1372117615,44.894012,-68.761446,20200624,62,1
a113daae572eb0d73af45fbc4fd5cb50,misc_pos,49.18,F,ME,4680,44.4971,-67.9503,1131,Make,1372118072,45.216686,-67.154141,20200624,62,1
1e28f4d8c246e631eaa939dbb9dfa19a,shopping_net,1046.97,F,ME,4680,44.4971,-67.9503,1131,Make,1372184186,45.05939,-68.335587,20200625,62,1
26b513dd77a2680fab058dd8b113c108,misc_net,850.82,F,ME,4680,44.4971,-67.9503,1131,Make,1372199067,44.386233,-68.757723,20200625,62,1
49a574fd22e8a19f229830c40eda50b2,shopping_net,976.48,F,ME,4680,44.4971,-67.9503,1131,Make,1372201279,44.955637,-67.503251,20200625,62,1
77177e8f49edc26821f92714d1ec7669,travel,4.64,F,ME,4680,44.4971,-67.9503,1131,Make,1372203439,44.031055,-68.815604,20200625,62,1
4c0e38b525e9490d3ca71b7e0c6de539,food_dining,95.52,M,NY,14141,42.52,-78.6847,7728,"Scientist, research (maths)",1372204117,43.143611,-78.708062,20200625,62,1
ec0fd69e21b2d1227bdd96d25061c74c,grocery_pos,297.2,F,AL,35901,34.048,-85.9246,67082,Physiological scientist,1372210514,33.248204,-85.745045,20200626,58,1
79f7c82fe50e90466309135ad1b793d9,grocery_pos,315.72,F,AL,35901,34.048,-85.9246,67082,Physiological scientist,1372211515,34.843287,-85.800046,20200626,58,1
01bbbf7a906610fe6f4fd20c7d4ca99a,gas_transport,8.32,F,AL,35901,34.048,-85.9246,67082,Physiological scientist,1372226213,33.27753,-86.362105,20200626,58,1
442a3b75f70a884b86275f9db67f17a5,grocery_pos,309.04,M,IN,46322,41.55,-87.4569,23727,Community arts worker,1372239093,40.821649,-86.546862,20200626,39,1
d002efc2db8e4a586a955557a3543ac4,home,219.46,F,AL,35901,34.048,-85.9246,67082,Physiological scientist,1372264446,33.227584,-86.050751,20200626,58,1
decbf2d0117525e5104b9c8bf353dd1c,misc_net,749.59,F,AL,35901,34.048,-85.9246,67082,Physiological scientist,1372284487,34.483166,-86.335108,20200626,58,1
7950c9c41b8854359ef6307ed6d15678,shopping_net,1129.53,F,AL,35901,34.048,-85.9246,67082,Physiological scientist,1372285201,34.539133,-86.761941,20200626,58,1
e8cdb55d2b4a6f26f9d999bcd65fead1,misc_net,844.29,F,AL,35901,34.048,-85.9246,67082,Physiological scientist,1372287304,34.590163,-85.767171,20200626,58,1
913d395d3dfc5d93fdf25dc9f7870653,shopping_net,949.88,M,IN,46322,41.55,-87.4569,23727,Community arts worker,1372288726,41.618135,-87.554747,20200626,39,1
9d24c700341ca7aa0e9b3d48fcf4e2b1,shopping_net,935.06,M,IN,46322,41.55,-87.4569,23727,Community arts worker,1372289865,41.155063,-86.645029,20200626,39,1
92cb4901841afb9c374df14d36dfac38,shopping_net,1025.61,M,IN,46322,41.55,-87.4569,23727,Community arts worker,1372289890,41.802631,-88.389592,20200626,39,1
2e8c9135069fbe6f5aa93a8fa2ac655f,gas_transport,18.25,F,SD,57426,45.7205,-98.5534,63,Systems developer,1372293738,44.744951,-98.214561,20200627,51,1
bbcd797cf07dcba83d609ee6a5b79f6f,gas_transport,11.82,M,IN,46322,41.55,-87.4569,23727,Community arts worker,1372295665,41.554511,-87.016728,20200627,39,1
edcfe3e9c8859adcb31bba8bdb90286d,misc_net,764.71,M,IN,46322,41.55,-87.4569,23727,Community arts worker,1372298809,41.870903,-87.172741,20200627,39,1
d5ae7acabb0e7eac640e72d0e5c0528f,grocery_pos,294.78,M,IN,46322,41.55,-87.4569,23727,Community arts worker,1372304915,41.505282,-86.715398,20200627,39,1
75c0ae4b4a70b9905579fcb4b612569e,shopping_net,917.11,M,IN,46322,41.55,-87.4569,23727,Community arts worker,1372349643,40.691289,-87.412344,20200627,39,1
276495f58de3af46843647fdd00843eb,misc_net,667.17,F,SD,57426,45.7205,-98.5534,63,Systems developer,1372362479,46.0403,-97.71046,20200627,51,1
4bfcd98ca90ac23496def4c6a39120db,travel,9.99,M,IN,46322,41.55,-87.4569,23727,Community arts worker,1372371788,41.104946,-87.261548,20200627,39,1
c3ba6123277e80c42c5190ddd6867c37,food_dining,135.82,F,SD,57426,45.7205,-98.5534,63,Systems developer,1372372747,45.419993,-97.823968,20200627,51,1
140105375e97c577a1a0d363e4cedcd4,entertainment,614.72,F,SD,57426,45.7205,-98.5534,63,Systems developer,1372373713,44.920705,-99.264799,20200627,51,1
3d267ca2d3dfdd0330952d5e751fc11d,shopping_net,996.41,F,AL,35901,34.048,-85.9246,67082,Physiological scientist,1372374251,34.247756,-84.949305,20200627,58,1
e97bba7a016e370eb4523ef437e3020a,shopping_net,895.25,F,AL,35901,34.048,-85.9246,67082,Physiological scientist,1372374422,33.710897,-85.099656,20200627,58,1
815353b246f784616181388d7be9000d,shopping_net,1134.41,F,AL,35901,34.048,-85.9246,67082,Physiological scientist,1372375602,33.114693,-85.837443,20200627,58,1
cc544877174677085ec9ae06d02d2c85,grocery_pos,314.28,M,OH,44307,41.0695,-81.5488,272134,Call centre manager,1372384909,40.256607,-81.036006,20200628,57,1
75c12eac15ec1bfcfa937d917e5e7cf1,grocery_pos,319.53,F,SD,57426,45.7205,-98.5534,63,Systems developer,1372389832,45.247843,-98.280882,20200628,51,1
b85e1410861909e7bd3bdd1af343a589,grocery_pos,241.45,M,OH,44307,41.0695,-81.5488,272134,Call centre manager,1372402686,40.19583,-81.591419,20200628,57,1
8a6c3bd7b38794bb2355ee761f5325b5,shopping_net,1159.89,M,OH,44307,41.0695,-81.5488,272134,Call centre manager,1372457528,40.763354,-81.317657,20200628,57,1
64e62a158d8caaa54ad30e767fd8cab3,shopping_net,1051.14,F,SD,57426,45.7205,-98.5534,63,Systems developer,1372458089,46.45845,-98.578936,20200628,51,1
6cc195cdb0c39f3ab5d2b1a5860b86a2,shopping_net,1142.66,M,OH,44307,41.0695,-81.5488,272134,Call centre manager,1372461866,41.894724,-81.866035,20200628,57,1
745d3d22bf0b7eb753d2d08899f9666a,misc_net,777.75,F,SD,57426,45.7205,-98.5534,63,Systems developer,1372462104,45.128934,-98.292388,20200628,51,1
041e573c99f5f86a5110a99a2227d976,shopping_net,1197.26,M,OH,44307,41.0695,-81.5488,272134,Call centre manager,1372463331,40.199599,-81.108596,20200628,57,1
3c07233862b52f7f1956a87a881df970,grocery_pos,307.26,F,KY,40202,38.2507,-85.7476,736284,Engineering geologist,1372464924,37.582402,-85.696596,20200629,69,1
4afe8724ad1ed51bca2f0d08c9529e3b,shopping_net,969.7,F,AR,72583,36.3924,-91.9932,1679,Psychiatric nurse,1372468623,37.310617,-92.913015,20200629,35,1
cbe1550ef2f98882371a0f8a4c69f9ac,grocery_pos,314.73,M,OH,44307,41.0695,-81.5488,272134,Call centre manager,1372469343,40.870022,-81.91135,20200629,57,1
8c4c540bf889c0b690f005edae8ebaec,grocery_pos,347.63,F,AR,72583,36.3924,-91.9932,1679,Psychiatric nurse,1372471813,37.370362,-91.874828,20200629,35,1
5b2e5ab411dfd8712bce667fc37487ec,grocery_pos,342.87,F,NJ,8324,39.224,-74.9942,526,Exercise physiologist,1372472608,39.533647,-75.101612,20200629,81,1
d1fee4e236e02808b987557689681670,grocery_pos,291.15,F,KY,40202,38.2507,-85.7476,736284,Engineering geologist,1372473881,37.790394,-85.506713,20200629,69,1
96fb1e00060b63140d16a3fe25fdc018,grocery_pos,326.49,F,NJ,8324,39.224,-74.9942,526,Exercise physiologist,1372476721,40.115189,-75.488261,20200629,81,1
ea34095276881590a94477b94f1e4ef5,shopping_net,1071.19,F,AR,72583,36.3924,-91.9932,1679,Psychiatric nurse,1372488959,36.218266,-91.793638,20200629,35,1
29adf16de2a376ca8ac610a8dad5d0dc,grocery_pos,344.74,F,KY,40202,38.2507,-85.7476,736284,Engineering geologist,1372493800,37.618824,-85.437693,20200629,69,1
1dd7558077da437b22b45843f6d367ed,entertainment,443.97,F,KY,40202,38.2507,-85.7476,736284,Engineering geologist,1372527867,37.737605,-86.051863,20200629,69,1
2be9e43e548dbb483e97a071c175e341,shopping_pos,854.92,F,NJ,8324,39.224,-74.9942,526,Exercise physiologist,1372543842,38.759631,-74.136925,20200629,81,1
75523b58f5e36ecf78169790695888a2,home,342.36,F,AR,72583,36.3924,-91.9932,1679,Psychiatric nurse,1372545358,35.871554,-91.637032,20200629,35,1
3f34d846a251a3e8231c6a1a107c514d,grocery_pos,320.36,F,NJ,8324,39.224,-74.9942,526,Exercise physiologist,1372545807,40.013038,-74.902923,20200629,81,1
9bedb0a04a7ae8a83a4f69e3b4b73584,personal_care,21.88,F,AR,72583,36.3924,-91.9932,1679,Psychiatric nurse,1372547414,37.325467,-91.58335,20200629,35,1
4358e65f19b0a0fdc7599ac3a9fb8cc4,travel,8.85,F,NC,28073,35.1836,-81.4552,5621,Toxicologist,1372547773,35.660418,-80.569244,20200629,47,1
e3745021f85a57c9d1a71bab8b24a60e,shopping_pos,888.56,F,KY,40202,38.2507,-85.7476,736284,Engineering geologist,1372548508,38.033283,-85.154835,20200629,69,1
c4e3ebb2bca77ccca9b9df8502d90c62,kids_pets,20.53,F,AR,72583,36.3924,-91.9932,1679,Psychiatric nurse,1372549080,36.34707,-92.601754,20200629,35,1
44f5d5219fd33b33b24ee4770448d2a9,misc_net,878.42,F,KY,40202,38.2507,-85.7476,736284,Engineering geologist,1372549246,37.68554,-84.893428,20200629,69,1
74b721d183db1c513bc156019c60afcc,personal_care,22.91,F,AR,72583,36.3924,-91.9932,1679,Psychiatric nurse,1372549923,35.459619,-92.066649,20200629,35,1
90883d6aab0c0806b2cf11e35d0ca9e3,shopping_net,1004.99,M,OH,44307,41.0695,-81.5488,272134,Call centre manager,1372550116,40.682223,-80.74166,20200629,57,1
a7b0e7daa0740e90defdfb8016a2c5d7,misc_net,793.07,M,OH,44307,41.0695,-81.5488,272134,Call centre manager,1372550118,41.703644,-80.949957,20200629,57,1
10741337feb34e8968811157c6493b6c,shopping_pos,1013.85,M,OH,44307,41.0695,-81.5488,272134,Call centre manager,1372550165,40.166832,-82.007641,20200629,57,1
82ba6ca203d06e79c6b4acf1bddcc869,gas_transport,9.78,F,WA,98027,47.4974,-122.0107,50489,Osteopath,1372550636,46.832982,-121.160406,20200630,37,1
16ded14a96590df73cefe07a030feef8,grocery_pos,302.75,F,KY,40202,38.2507,-85.7476,736284,Engineering geologist,1372551368,38.526678,-85.630686,20200630,69,1
aff7beec1f91f7f1306f7f5109b8a20c,gas_transport,18.82,F,NJ,8324,39.224,-74.9942,526,Exercise physiologist,1372551888,39.297454,-74.974855,20200630,81,1
db61932a533ba7ff64a37c40cb90c610,grocery_pos,315.39,F,KY,40202,38.2507,-85.7476,736284,Engineering geologist,1372552039,37.478147,-86.731721,20200630,69,1
7d796223fc49800674cfc03e0dccfd3c,shopping_net,1020.48,F,WA,98027,47.4974,-122.0107,50489,Osteopath,1372555508,47.856895,-121.562764,20200630,37,1
72613d844481e8c44ac275c685bff23f,misc_net,795.07,F,AR,72583,36.3924,-91.9932,1679,Psychiatric nurse,1372555964,36.52083,-92.26128,20200630,35,1
dbab11d6b66735e14dffaf08b5601ad8,shopping_net,829.4,F,AR,72583,36.3924,-91.9932,1679,Psychiatric nurse,1372556426,35.582422,-91.611369,20200630,35,1
3c90d3d6824bdfc4e651d6429f1ddb6a,grocery_pos,319.23,F,NC,28073,35.1836,-81.4552,5621,Toxicologist,1372557752,34.210592,-80.548441,20200630,47,1
727c7e6ae1535b06478ec11792f2252f,gas_transport,8.06,F,WA,98027,47.4974,-122.0107,50489,Osteopath,1372558282,46.570814,-121.952525,20200630,37,1
dfa5e2df49cf191beff23c3b1ac3ca5c,shopping_pos,772.65,F,NC,28073,35.1836,-81.4552,5621,Toxicologist,1372558582,35.055611,-81.829295,20200630,47,1
733738546cc3af37d6e29be2bdf6de9f,grocery_pos,353.35,F,AR,72583,36.3924,-91.9932,1679,Psychiatric nurse,1372559800,36.867779,-91.124677,20200630,35,1
27dd61f3be37825fa5738d4d2e3693f3,grocery_pos,348.48,F,WA,98027,47.4974,-122.0107,50489,Osteopath,1372561185,47.635992,-122.36239,20200630,37,1
776f09532c82d906fc3204573f59fd01,grocery_pos,320.73,F,NJ,8324,39.224,-74.9942,526,Exercise physiologist,1372561589,38.785077,-75.598612,20200630,81,1
3dda3ac2b2761af10c80293a815aa333,shopping_pos,826.27,F,WA,98027,47.4974,-122.0107,50489,Osteopath,1372562010,48.399267,-121.500632,20200630,37,1
49d64edb852c5d9dc80541f9afe7dc02,entertainment,483.28,F,WA,98027,47.4974,-122.0107,50489,Osteopath,1372562161,47.375404,-121.358143,20200630,37,1
976629432ffb9bc65367d43fae181ca2,shopping_net,1071.12,F,NC,28073,35.1836,-81.4552,5621,Toxicologist,1372562467,35.853558,-81.172494,20200630,47,1
a56ef946aaa6ce8a461f001ff3fc3e02,grocery_pos,307.33,F,NJ,8324,39.224,-74.9942,526,Exercise physiologist,1372562869,38.653216,-74.367462,20200630,81,1
90b9ba9e0e7819c7c610579f702d5928,grocery_pos,347.88,F,NJ,8324,39.224,-74.9942,526,Exercise physiologist,1372564163,39.416971,-74.206697,20200630,81,1
ed40b7db85bb1279000dc0f694a88305,entertainment,520.02,F,WA,98027,47.4974,-122.0107,50489,Osteopath,1372564790,46.780492,-122.916246,20200630,37,1
67fb6fe6c1d08ae7c237a36aba3dbead,misc_pos,8.13,F,NC,28073,35.1836,-81.4552,5621,Toxicologist,1372567287,36.05983,-81.818185,20200630,47,1
b882c9e703b2b5bf2c2ac5844e1bd586,misc_net,778.42,F,AR,72583,36.3924,-91.9932,1679,Psychiatric nurse,1372568700,35.631507,-92.411869,20200630,35,1
b7777c291eab9462af404396a76af9fb,shopping_net,989.92,F,AR,72583,36.3924,-91.9932,1679,Psychiatric nurse,1372586640,36.729191,-92.401574,20200630,35,1
645d25f4ce11bab807386a38ab6b53f3,shopping_net,1143.96,F,KY,40202,38.2507,-85.7476,736284,Engineering geologist,1372595234,39.219237,-86.654254,20200630,69,1
438264358e822fe875706f82c0bd0cd9,kids_pets,19.68,F,WA,98027,47.4974,-122.0107,50489,Osteopath,1372610535,47.859839,-121.232474,20200630,37,1
c2a0c0f7584998bb67c6c81f01d3387c,misc_pos,50.07,F,NJ,8324,39.224,-74.9942,526,Exercise physiologist,1372619767,39.340316,-75.669888,20200630,81,1
1323d15c189239192dcf5ebe8c282a38,shopping_net,1123.95,F,NJ,8324,39.224,-74.9942,526,Exercise physiologist,1372628321,39.045168,-74.554456,20200630,81,1
a6082c1bd6b00d7b9f8b0b2a4e1bce95,misc_net,830.06,F,NJ,8324,39.224,-74.9942,526,Exercise physiologist,1372629777,38.668035,-74.779532,20200630,81,1
8114c8e33fe9355abc34778fe9a45f06,health_fitness,23.36,F,WA,98027,47.4974,-122.0107,50489,Osteopath,1372630696,47.151091,-122.373027,20200630,37,1
00085870bedcd93286a0ae7277f38d3f,kids_pets,18.85,F,AR,72583,36.3924,-91.9932,1679,Psychiatric nurse,1372631545,36.86303,-91.371724,20200630,35,1
8d624487e70bee749037423bd007b49b,health_fitness,18.4,F,NC,28073,35.1836,-81.4552,5621,Toxicologist,1372632180,35.179315,-82.382785,20200630,47,1
9ca9e0b00e42cf6ca60957bf5bff7419,shopping_net,993.55,F,KY,40202,38.2507,-85.7476,736284,Engineering geologist,1372633472,38.188666,-86.542169,20200630,69,1
11f1ae917c13c725aa0843ec04ef447b,shopping_net,970.38,F,NJ,8324,39.224,-74.9942,526,Exercise physiologist,1372634178,39.403926,-74.773576,20200630,81,1
f7d1d432a8fd5abfedb08523d7c0a9f8,misc_net,809.53,F,NJ,8324,39.224,-74.9942,526,Exercise physiologist,1372634188,38.487274,-74.886792,20200630,81,1
6736d580fbae1911b7f3117b1daedbc7,shopping_pos,917.97,F,KY,40202,38.2507,-85.7476,736284,Engineering geologist,1372634200,37.6226,-85.912793,20200630,69,1
a4511c9f31cf1f9543376ce3d7116286,home,277.68,F,AR,72583,36.3924,-91.9932,1679,Psychiatric nurse,1372634481,36.308326,-92.353418,20200630,35,1
078da9a1497abd069d041aec3acfa627,grocery_pos,359.26,F,NJ,8324,39.224,-74.9942,526,Exercise physiologist,1372635952,39.48877,-75.297022,20200630,81,1
71185970c3e5ee07c3d62523a8d5117b,shopping_pos,727.32,F,NJ,8324,39.224,-74.9942,526,Exercise physiologist,1372635990,39.889722,-74.958256,20200630,81,1
c319a3249bd476147cf1bbe36686a0ec,grocery_pos,284.94,F,KY,40202,38.2507,-85.7476,736284,Engineering geologist,1372636115,39.075545,-85.607381,20200630,69,1
c41ee8fafceb3d02a63ef5f5a988f5f2,shopping_net,1001.99,F,WA,98027,47.4974,-122.0107,50489,Osteopath,1372650771,47.402638,-122.645785,20200701,37,1
15b897bf56a8d38a3b203a546e0ffedf,home,232.25,F,WA,98027,47.4974,-122.0107,50489,Osteopath,1372692074,48.472294,-121.312176,20200701,37,1
b39c397e0b3c1732fc4826c73709a86f,personal_care,17.71,F,CO,80120,39.5994,-105.0044,320420,Water engineer,1372719081,39.640502,-104.816614,20200701,46,1
cbf176a26c352af4f2a795f456b48bd9,food_dining,132.33,F,CO,80120,39.5994,-105.0044,320420,Water engineer,1372738363,39.705499,-104.817495,20200702,46,1
97bbc042914e545105dd6bbbec258021,grocery_pos,278.04,M,MD,21750,39.6991,-78.1762,3766,Press photographer,1372812067,39.31171,-77.683835,20200703,37,1
d2a49198c40821fe67ef30954454e573,gas_transport,6.99,M,MD,21750,39.6991,-78.1762,3766,Press photographer,1372816350,40.036844,-79.139843,20200703,37,1
b56df12b11d11c240c6927ecd3a667c9,grocery_pos,305.34,M,MD,21750,39.6991,-78.1762,3766,Press photographer,1372844153,40.159578,-78.109956,20200703,37,1
3ff79c3fc560882aa125a5e7ebb474df,misc_pos,6.67,M,MD,21750,39.6991,-78.1762,3766,Press photographer,1372889981,40.042611,-77.734092,20200703,37,1
e343db8193fac341cc23997d4eb71be9,misc_net,693.71,M,MD,21750,39.6991,-78.1762,3766,Press photographer,1372891450,39.840071,-78.945141,20200703,37,1
b75e90645042d413db4a855d66f8b568,shopping_net,991.33,M,MD,21750,39.6991,-78.1762,3766,Press photographer,1372892842,39.333607,-77.996704,20200703,37,1
f441409c4697dcfc08f7e217ecaa7166,shopping_net,840.53,M,MD,21750,39.6991,-78.1762,3766,Press photographer,1372895025,40.146169,-78.837614,20200703,37,1
72b5da03a83ced46ae9568c63bc8797a,grocery_pos,291,M,MD,21750,39.6991,-78.1762,3766,Press photographer,1372901208,39.993252,-78.240985,20200704,37,1
4ec394c1ee618630a9b35d47653000bf,misc_net,685.26,M,MD,21750,39.6991,-78.1762,3766,Press photographer,1372901456,39.093353,-78.094325,20200704,37,1
1467d5fccdc1fdffc9631dc2ce881640,grocery_pos,352.15,F,SC,29127,34.1832,-81.5324,8333,Archaeologist,1372907861,34.737279,-81.365331,20200704,27,1
d4e1ced955e544fe79c731b09eb53b4c,shopping_pos,627.43,F,SC,29127,34.1832,-81.5324,8333,Archaeologist,1372908613,33.464183,-81.317635,20200704,27,1
3e8d88203c0584354a62b45d65a2bcd2,entertainment,572.32,F,SC,29127,34.1832,-81.5324,8333,Archaeologist,1372912936,33.775548,-80.95723,20200704,27,1
641d2681ddc413095cd3053900738738,grocery_pos,349.74,F,SC,29127,34.1832,-81.5324,8333,Archaeologist,1372933730,33.595316,-81.34936,20200704,27,1
cd1bf52e80cc6e25dd3fcdbfe6c78ac6,shopping_net,874.99,M,MD,21750,39.6991,-78.1762,3766,Press photographer,1372977347,39.618476,-77.753339,20200704,37,1
4a4e21ce770f66574cdd04dc0ca4a001,misc_net,709.43,M,MD,21750,39.6991,-78.1762,3766,Press photographer,1372981443,39.114715,-77.385777,20200704,37,1
5f5b06dc204aff66844b625071f0a75d,misc_pos,7.6,M,MD,21750,39.6991,-78.1762,3766,Press photographer,1372981501,39.765177,-78.916377,20200704,37,1
9e14e84443b2d791cf399fc4485ad732,grocery_pos,343.75,F,TX,79837,31.924,-105.2099,579,Hydrogeologist,1372983513,31.462816,-105.918915,20200705,75,1
c721a78ffccf105d4d933ed1bd1b7093,misc_net,875.02,F,SC,29127,34.1832,-81.5324,8333,Archaeologist,1372987376,34.93699,-81.524364,20200705,27,1
7024b5e078a38e856a02e749353d3c48,grocery_pos,338.47,F,SC,29127,34.1832,-81.5324,8333,Archaeologist,1372988778,33.852327,-80.962576,20200705,27,1
05668abc68d0c0f435bf53247eb44d99,food_dining,136.93,F,SC,29127,34.1832,-81.5324,8333,Archaeologist,1372992298,35.143215,-82.367929,20200705,27,1
84534f4f35cc58682d9b9de43a94521f,grocery_net,13.13,F,TX,79837,31.924,-105.2099,579,Hydrogeologist,1372994153,31.665331,-105.654444,20200705,75,1
3530fd1cd6d9e8302e543bc3c40c4212,food_dining,115.28,F,SC,29127,34.1832,-81.5324,8333,Archaeologist,1372995734,33.233527,-82.208767,20200705,27,1
877ba4621f103c3264f8b34d82b8c976,entertainment,520.74,F,SC,29127,34.1832,-81.5324,8333,Archaeologist,1372996228,34.537761,-81.558632,20200705,27,1
9b3c14d97332ea51409c55a4051d43a9,home,252.48,F,SC,29127,34.1832,-81.5324,8333,Archaeologist,1373043841,34.278473,-80.69075,20200705,27,1
db58a9737e9c64eabcf5b5671e5e45e3,personal_care,21.11,F,SC,29127,34.1832,-81.5324,8333,Archaeologist,1373062411,34.658999,-81.376431,20200705,27,1
15c478b387213744e5f32e43aae247c2,misc_pos,51.79,F,TX,79837,31.924,-105.2099,579,Hydrogeologist,1373063371,32.128386,-105.636375,20200705,75,1
418f9df03ce9c83407f01a23d725c421,kids_pets,19.44,F,SC,29127,34.1832,-81.5324,8333,Archaeologist,1373064580,34.216526,-81.815763,20200705,27,1
7aa13ea1866b4a78e76bc68ce8ca95be,kids_pets,17.05,F,SC,29127,34.1832,-81.5324,8333,Archaeologist,1373066068,33.595052,-82.0122,20200705,27,1
9cbc161aca3c14fba16fa41385d09cc1,health_fitness,17,F,SC,29127,34.1832,-81.5324,8333,Archaeologist,1373066859,34.201798,-80.781869,20200705,27,1
ed4bb4be801d8bd4ba79110ccf706956,health_fitness,19.05,F,SC,29127,34.1832,-81.5324,8333,Archaeologist,1373067197,35.098667,-82.148658,20200705,27,1
f6eaece499a27e46e0e79a532481dfd5,grocery_pos,315.89,F,TX,79837,31.924,-105.2099,579,Hydrogeologist,1373071475,31.251258,-104.773467,20200706,75,1
8128cc832fc1ba188dae05a1d41d7d21,shopping_net,794.77,F,NC,27522,36.1124,-78.6476,12335,Chief Strategy Officer,1373072519,35.320414,-79.222925,20200706,34,1
6f69ec39a00bbe5e28413893d7b5b973,entertainment,576.52,F,NC,27522,36.1124,-78.6476,12335,Chief Strategy Officer,1373072840,36.886127,-79.280067,20200706,34,1
b0d7aa0baa2690c435c8d01405b02284,shopping_pos,881.1,F,NC,27522,36.1124,-78.6476,12335,Chief Strategy Officer,1373073208,35.58212,-77.791194,20200706,34,1
e71078f7f78f514ac5ceefada73256ed,grocery_net,15.85,F,TX,79837,31.924,-105.2099,579,Hydrogeologist,1373078871,32.099046,-105.727073,20200706,75,1
9045e92173094520d72a2d874b60e79a,grocery_pos,341.91,F,TX,79837,31.924,-105.2099,579,Hydrogeologist,1373079073,31.805983,-105.005893,20200706,75,1
cad7b6f31e874e620a1623920621f611,gas_transport,23.11,F,TX,79837,31.924,-105.2099,579,Hydrogeologist,1373081351,31.352161,-104.976738,20200706,75,1
84cf97147254f80a7ddae1e46a062001,grocery_net,10.84,F,TX,79837,31.924,-105.2099,579,Hydrogeologist,1373082428,31.577259,-105.629058,20200706,75,1
1e61f922b459e3bc9ec63458e3382b95,shopping_pos,835.42,F,NC,27522,36.1124,-78.6476,12335,Chief Strategy Officer,1373082716,35.619927,-79.359728,20200706,34,1
74d7bc514cf714aa9e9ed9127611f178,misc_net,913.39,F,TX,79837,31.924,-105.2099,579,Hydrogeologist,1373137916,32.383445,-104.996947,20200706,75,1
617e2b77c41ea75d0f07688cc937641a,kids_pets,23.1,F,NC,27522,36.1124,-78.6476,12335,Chief Strategy Officer,1373148535,36.140824,-78.523526,20200706,34,1
551403f96443d38fd563f6539a606684,home,249.28,F,NC,27522,36.1124,-78.6476,12335,Chief Strategy Officer,1373149291,36.013782,-79.163469,20200706,34,1
6450182ea1eb56f9d27575e562a2228c,home,217.73,F,NC,27522,36.1124,-78.6476,12335,Chief Strategy Officer,1373149984,35.760507,-79.496727,20200706,34,1
9ac34c5d15e9fe278c80223c3734fa3d,shopping_net,887.24,F,TX,79837,31.924,-105.2099,579,Hydrogeologist,1373150678,31.531105,-104.967163,20200706,75,1
9abc35ea13ea20888afb0d25162a935e,home,198.97,F,NC,27522,36.1124,-78.6476,12335,Chief Strategy Officer,1373152529,36.046066,-77.822588,20200706,34,1
cc62c142f3facc4d676cb804144406d8,home,259.8,F,NC,27522,36.1124,-78.6476,12335,Chief Strategy Officer,1373154491,36.553598,-79.345002,20200706,34,1
e69bfba73db6849113c734e0fa5b9eb6,grocery_pos,274.81,M,SD,57641,45.7084,-101.1546,295,"Designer, industrial/product",1373158729,45.191712,-101.18155,20200707,40,1
3dfbe4825787e8619004fe6fa9b784d6,grocery_pos,312.58,M,SD,57641,45.7084,-101.1546,295,"Designer, industrial/product",1373163172,46.439097,-100.174671,20200707,40,1
37397143c5378b0fc98cf45499b2d348,grocery_pos,299.28,M,SD,57641,45.7084,-101.1546,295,"Designer, industrial/product",1373168087,44.988803,-102.0136,20200707,40,1
5e947d1e9d97034b23ba6833effe776c,grocery_pos,346.42,F,NC,27522,36.1124,-78.6476,12335,Chief Strategy Officer,1373168833,35.944982,-78.795616,20200707,34,1
32283fcd8dd5a6ce4db82fe2e8365dc2,shopping_net,1041.39,F,NC,27522,36.1124,-78.6476,12335,Chief Strategy Officer,1373190566,36.26427,-77.992763,20200707,34,1
bfb91e431a38e7b68ff7b554caa5115d,travel,7.9,F,NC,27522,36.1124,-78.6476,12335,Chief Strategy Officer,1373206445,36.276271,-78.626088,20200707,34,1
9c3392899b2a9f7c6a42add048ef6171,shopping_pos,892.88,M,SD,57641,45.7084,-101.1546,295,"Designer, industrial/product",1373221150,46.082516,-101.105451,20200707,40,1
a7f0458b68213db8d76f1fcc2b5dc2f8,shopping_net,1008.78,M,SD,57641,45.7084,-101.1546,295,"Designer, industrial/product",1373236515,45.376097,-101.260996,20200707,40,1
ca52a74443e857b6444daef70b608f6f,grocery_pos,331.18,M,NC,28530,35.3757,-77.4193,7332,Forensic psychologist,1373249141,35.673797,-78.005853,20200708,64,1
275321908f279f69e165b8414afd1c73,grocery_pos,309.7,M,SD,57641,45.7084,-101.1546,295,"Designer, industrial/product",1373251869,45.027484,-101.388104,20200708,40,1
dfaf4684eeba1359248e06d10f836a9a,grocery_pos,288.84,M,SD,57641,45.7084,-101.1546,295,"Designer, industrial/product",1373281554,46.390281,-100.945496,20200708,40,1
18551ff9865aaab937d21ef3723f1081,grocery_pos,279.11,M,SD,57641,45.7084,-101.1546,295,"Designer, industrial/product",1373285723,46.627347,-101.090798,20200708,40,1
c2ee58cdb96b7c48dcae8bc16c2455bf,shopping_pos,915.47,M,NC,28530,35.3757,-77.4193,7332,Forensic psychologist,1373322604,35.815861,-77.595782,20200708,64,1
4fd5fb415ace65cb25d58a4a96050739,shopping_net,1083.38,M,SD,57641,45.7084,-101.1546,295,"Designer, industrial/product",1373322920,44.923613,-100.548544,20200708,40,1
598c785c5faa7e2b8d849155dd656a14,shopping_net,913.98,M,NC,28530,35.3757,-77.4193,7332,Forensic psychologist,1373323461,34.784836,-77.765043,20200708,64,1
3a8ad64314b25bbfe077559bd783ee53,misc_pos,7.97,M,NC,28530,35.3757,-77.4193,7332,Forensic psychologist,1373325116,35.365011,-76.516309,20200708,64,1
fedd2f2dae7ee9f0d094c7f4b82759c3,misc_net,667.98,M,SD,57641,45.7084,-101.1546,295,"Designer, industrial/product",1373325896,45.088576,-101.748767,20200708,40,1
1b35063dced63774c303eb1bf13e6934,shopping_net,1002.25,M,SD,57641,45.7084,-101.1546,295,"Designer, industrial/product",1373327268,45.513899,-101.748246,20200708,40,1
d056a475f3363e59950376619460edfa,gas_transport,10.77,M,NC,28530,35.3757,-77.4193,7332,Forensic psychologist,1373328174,35.922623,-77.33431,20200709,64,1
8c24f97d5e17372fcf2fc5ddcf6b1190,grocery_net,7.11,M,NC,28530,35.3757,-77.4193,7332,Forensic psychologist,1373331131,35.971831,-77.744863,20200709,64,1
5ca372387ccbacab3b8be95b391d7d36,grocery_pos,311.42,M,NC,28530,35.3757,-77.4193,7332,Forensic psychologist,1373334828,35.057497,-77.978279,20200709,64,1
18914fca29c3de678c30379b17aad968,shopping_pos,952.8,M,NC,28530,35.3757,-77.4193,7332,Forensic psychologist,1373395763,34.767491,-76.444071,20200709,64,1
4ac3fc4f6030397f6e721c9bace314bb,shopping_pos,999.59,M,NC,28530,35.3757,-77.4193,7332,Forensic psychologist,1373409055,34.802368,-76.571193,20200709,64,1
11d72c064c0d1690d1d8c692e30a1172,grocery_pos,279.28,M,NC,28530,35.3757,-77.4193,7332,Forensic psychologist,1373414394,36.209484,-77.49513,20200709,64,1
b45ec08aa8250d729bd5982c152d5bc2,shopping_pos,732.17,M,NE,68438,40.6267,-96.7456,142,Chiropodist,1373471867,40.861972,-96.095497,20200710,54,1
be5bf8bf2eb0572daa8b4135d26590b8,shopping_pos,837.54,M,NE,68438,40.6267,-96.7456,142,Chiropodist,1373488715,41.10998,-95.958421,20200710,54,1
66462ae5ee8d35ae01d7ab1b1476e9df,grocery_pos,333.89,M,NE,68438,40.6267,-96.7456,142,Chiropodist,1373496164,40.96852,-97.184621,20200710,54,1
5bd73b3e387b6d9ffc751c068f6b4933,kids_pets,19.05,F,MA,1257,42.1001,-73.3611,2121,Radio producer,1373496619,42.004346,-73.836943,20200710,47,1
1cb66d986e7baf73cfae5bfc079fdd31,food_dining,149.42,F,MA,1257,42.1001,-73.3611,2121,Radio producer,1373497799,43.098401,-74.096572,20200710,47,1
7ce2dc04e1c6a3d56a3c8c43cae31af0,misc_pos,51.07,M,NE,68438,40.6267,-96.7456,142,Chiropodist,1373498341,41.541876,-96.182446,20200710,54,1
500a7aa27091cfba2eae84407520a2e0,shopping_pos,951.91,M,NE,68438,40.6267,-96.7456,142,Chiropodist,1373498773,41.065633,-96.191279,20200710,54,1
2697738eab459fe23504c83a9cd002e3,travel,8.41,F,MA,1257,42.1001,-73.3611,2121,Radio producer,1373499977,41.766659,-73.808949,20200710,47,1
d1a22974e5e0ae557a19df46b6e1e1c2,personal_care,17.77,F,MA,1257,42.1001,-73.3611,2121,Radio producer,1373500754,41.832669,-73.705127,20200710,47,1
0e735bba4550c84d0cf3ba2b3cf379ff,grocery_pos,347.28,F,FL,34135,26.3771,-81.7334,51427,Claims inspector/assessor,1373503937,27.114345,-81.327908,20200711,30,1
b351d476de9ae329d2f093ee840b46c7,grocery_pos,378.56,F,MA,1257,42.1001,-73.3611,2121,Radio producer,1373506411,41.49615,-73.174983,20200711,47,1
ea781ae8c2610cf47b7683fa0aafdb67,misc_net,2.76,F,OH,44233,41.2419,-81.7453,7646,Medical sales representative,1373682728,40.802892,-81.913101,20200713,33,0
d4183dca2aeb9f0196b38d4473cd04f7,grocery_pos,208.57,F,PA,16858,41.0001,-78.2357,3688,Dispensing optician,1373682780,40.029078,-78.936771,20200713,33,0
8d29038c032b12da4f8e4f6ba244a64d,misc_pos,2.15,F,KY,40202,38.2507,-85.7476,736284,Engineering geologist,1373682794,39.009605,-84.974878,20200713,69,0
2d5043b65108f3b97e6000467d117406,grocery_pos,113.42,M,MI,49775,45.7549,-84.447,95,Electrical engineer,1373682796,45.064514,-83.994701,20200713,27,0
e00d81858b3e8bb4577ad9b4ee1060c8,misc_net,3.53,F,VA,22046,38.8856,-77.1802,116155,Chartered accountant,1373682810,38.175262,-76.899429,20200713,38,0
492442008511cb89a93d8ef465346c56,shopping_net,231.75,F,GA,31563,31.6489,-82.1982,1324,"Engineer, technical sales",1373682827,31.788136,-82.990056,20200713,95,0
c58ff3afeaac8a830620ddf9727980f9,misc_net,8.76,M,NY,10604,41.0592,-73.7395,11250,Lexicographer,1373682859,41.06345,-74.216412,20200713,44,0
e3dde61a09a947dddb6fcd6c40b5082f,grocery_pos,111.02,F,AL,36749,32.5104,-86.8138,1089,Materials engineer,1373682871,33.052279,-86.115917,20200713,49,0
b378659d91f1f1449f8e4a8c72176a8e,gas_transport,68.57,F,KS,67556,38.5957,-99.554,320,Film/video editor,1373682878,37.744833,-99.879946,20200713,60,0
b915cbc3eede2edebc7320233f57da15,gas_transport,50.33,F,TX,76857,31.9571,-98.9656,1791,Corporate investment banker,1373682883,32.679821,-99.227008,20200713,56,0
0990b80a4d0c8397b6cbdeea550df551,gas_transport,68.78,M,NY,14778,42.2701,-78.6847,1453,Toxicologist,1373682887,41.338829,-78.858442,20200713,47,0
b5fc5f086eb2e074fc04813655c32dc3,misc_net,124.74,F,AZ,85173,33.2887,-111.0985,2872,Petroleum engineer,1373682929,33.105616,-111.742216,20200713,33,0
0689def4639de62fc31767099c34e81c,grocery_pos,124.47,F,NE,68932,40.2967,-98.737,493,"Surveyor, minerals",1373682951,39.425228,-98.972819,20200713,81,0
e0ceab1386f49dc246489944fc585801,gas_transport,81.9,F,NC,28659,36.2017,-81.1286,21134,Dispensing optician,1373683022,36.951029,-81.28199,20200713,37,0
cce9f4da6e5e5afb424c2e62430540a5,grocery_net,45.21,F,LA,70774,30.2385,-90.8435,10076,"Surveyor, rural practice",1373683026,31.121017,-90.671483,20200713,43,0
93584068de3d6e94eb968ec7cc680db3,misc_pos,5.29,F,KY,40202,38.2507,-85.7476,736284,Engineering geologist,1373683056,37.301121,-86.448645,20200713,69,0
4535360a293496d11b302884fd8caef0,misc_net,21.32,M,NY,12575,41.4575,-74.1659,2258,Building surveyor,1373683125,41.240385,-74.393786,20200713,84,0
3c5108990032815fdf8d6dd82754169b,grocery_net,37.89,F,PA,19149,40.0369,-75.0664,1526206,Structural engineer,1373683160,39.456894,-75.022598,20200713,36,0
f47b0b48895caaf003df81ae6de4ea28,grocery_pos,95.33,M,GA,31630,31,-82.8555,419,Advertising account executive,1373683209,30.279992,-83.495642,20200713,30,0
b587bc80f25b302d6165e1451a5842c0,shopping_net,2.86,F,ME,4226,44.6084,-70.6993,190,Animal nutritionist,1373683229,45.102372,-70.650202,20200713,51,0
e243c6ad062eb32d8cee2f907b67dbfa,misc_pos,5.14,F,AL,35901,34.048,-85.9246,67082,Physiological scientist,1373683234,34.204012,-85.767519,20200713,58,0
ee6c5cff6afe9b678a29983636454a9f,grocery_net,47.15,M,AL,35747,34.4959,-86.259,5901,Curator,1373683255,35.105822,-85.621069,20200713,49,0
6cdb0b004296c4e7292db7e24a03bd68,grocery_pos,83.25,F,AR,72959,35.8312,-94.1187,2786,Musician,1373683264,35.83043,-93.216565,20200713,56,0
e9aa3c6e2c238fc2c2cac55fa8f14b59,misc_net,2.84,M,NE,68961,40.201,-98.0684,732,Television/film/video producer,1373683316,40.159612,-98.42671,20200713,64,0
62324e33da18e1add91277963b4efb78,misc_net,62.74,F,NC,28405,34.2651,-77.867,186140,English as a second language teacher,1373683320,34.06347,-78.671982,20200713,38,0
4f904112255b9e8883600f2818d547dd,grocery_pos,124.93,M,NY,12093,42.4999,-74.6117,1666,Diagnostic radiographer,1373683321,41.528694,-74.198244,20200713,53,0
815a2dbb81170455a3e01751ac29c28b,grocery_pos,61.52,F,MO,63565,40.4815,-92.9951,3805,"Investment banker, corporate",1373683388,39.622954,-93.213943,20200713,71,0
fcf4bce1fc3aa816f05211aec1873e3d,gas_transport,67.47,M,FL,33873,27.5517,-81.8074,14742,Teaching laboratory technician,1373683418,27.089803,-82.385717,20200713,28,0
cd49e404b0b1d839c5e5cb4f2fbc828b,gas_transport,56,M,PA,15686,40.6153,-79.4545,972,Public relations account executive,1373683464,40.598786,-79.409758,20200713,23,0
8d41b0b96faa79d76557c87ccd9f8ab8,gas_transport,73.37,F,FL,34953,27.2625,-80.3793,181438,Primary school teacher,1373683479,26.33944,-79.747431,20200713,87,0
b809ba82f72245ed84b45e605c2972e1,grocery_net,61.17,F,OR,97107,45.5197,-123.8761,1530,Colour technologist,1373683486,45.689614,-124.805732,20200713,34,0
c95149d219b9719e829d4a16f646b3e7,misc_pos,873.27,F,CA,95528,40.507,-123.9743,1139,"Therapist, occupational",1373683500,40.919941,-124.458075,20200713,70,0
ff188705eed3c44975d0dea4644b1645,grocery_net,51.32,M,IN,46322,41.55,-87.4569,23727,Community arts worker,1373683504,40.791496,-86.989686,20200713,39,0
85aa5fb3db8e8161ca1ff02cd677316e,shopping_net,107.64,M,NH,3601,43.196,-72.3001,477,Naval architect,1373683509,42.23403,-72.398884,20200713,33,0
cb84009ab14550f4916a3a53377c3b20,misc_net,9.53,M,AL,35022,33.3224,-86.9657,71463,Radio broadcast assistant,1373683554,33.422973,-87.159852,20200713,32,0
5a520174872d69134bae402f8a4c3d8a,grocery_pos,97.01,M,MO,63388,38.8874,-91.7689,710,Glass blower/designer,1373683554,38.122419,-90.828545,20200713,51,0
23a4abbc6eec454c12ebbb80fa6ae660,grocery_pos,116.31,M,SC,29860,33.6028,-81.9748,46944,Secondary school teacher,1373683558,33.492478,-82.503725,20200713,79,0
86b4c804df0c1f7fe17527ff0b0a5082,gas_transport,55.22,F,SC,29819,34.0326,-82.2027,1523,Research scientist (physical sciences),1373683575,34.638578,-81.23012,20200713,37,0
a22712801cbed5d7ed03eda5a08f8c94,food_dining,81.23,F,SD,57717,44.6723,-103.8396,8007,Hospital pharmacist,1373683586,44.607073,-103.259057,20200713,81,0
fbe5b83ee9ca0880c53712b80329ac84,grocery_net,61.8,M,NJ,7005,40.9115,-74.414,15269,"Psychologist, sport and exercise",1373683617,41.4128,-74.456889,20200713,28,0
e2c3192236c71e43cb11d5bc4ffca9e4,gas_transport,99.29,F,SC,29661,35.0296,-82.5136,5648,Museum/gallery exhibitions officer,1373683626,34.245299,-81.632908,20200713,87,0
823aafdd1800d5f0f0dcfd22eb81bcd7,gas_transport,73.33,M,MI,49621,44.8605,-85.8138,3096,"Social research officer, government",1373683629,45.175761,-86.262684,20200713,45,0
c19ebf4d032e50cb0eeed9b692a79c12,grocery_pos,50.86,M,CO,80005,39.8422,-105.1097,122111,Hotel manager,1373683637,39.834428,-105.866273,20200713,34,0
0246cbc66e9fa3abea977fa3b1de876e,gas_transport,62.83,M,IN,46702,40.8618,-85.6067,2304,Retail banker,1373683637,41.520158,-84.793368,20200713,66,0
1e28bdf075a2ff94ab54cc1533d0cc3e,grocery_pos,108.12,F,OR,97107,45.5197,-123.8761,1530,Colour technologist,1373683709,45.642696,-123.872191,20200713,34,0
096e419defc7c69a684c7f965fc9b2fc,grocery_pos,168.57,F,NY,13367,43.7893,-75.4156,8830,Theme park manager,1373683714,44.522676,-76.385901,20200713,30,0
598f79f249666e227ff12cb9e4a668c0,shopping_pos,5.36,M,GA,30257,33.141,-84.1759,4138,Field seismologist,1373683725,32.703232,-83.473705,20200713,52,0
7accc4b3ebaa6b80a43f21461cf1e863,misc_pos,2.19,M,UT,84735,37.7175,-112.4777,258,Geoscientist,1373683731,36.98873,-111.699781,20200713,59,0
3def64c3cad929706e012d7f1fdaff12,grocery_pos,98.93,M,WI,53924,43.4987,-90.2796,1360,Occupational hygienist,1373683734,43.281316,-89.794542,20200713,36,0
6c061cdbc77c9f9eee58a9a564d291e9,gas_transport,74.24,M,TX,78214,29.3641,-98.4924,1595797,Land,1373683803,29.194617,-98.506972,20200713,25,0
6ca39df5665bfd34fa2353b99de6a0b4,grocery_net,41.33,M,OH,45051,39.0965,-84.6431,177,Exhibition designer,1373683843,38.593787,-84.766202,20200713,47,0
fa207ebc3a0258f336c7f86157c3ea90,misc_net,562.53,F,FL,33811,27.9865,-82.0139,237282,Clothing/textile technologist,1373683857,28.556958,-82.278697,20200713,42,0
2cf5961d1ef0ca840c54d41f488191c6,misc_net,154.36,M,SD,57641,45.7084,-101.1546,295,"Designer, industrial/product",1373683946,46.0779,-101.17919,20200713,40,0
b6f7418d079513d2feec60a41add00d2,misc_net,114.02,F,OR,97014,45.671,-121.8686,1288,Barrister,1373684002,45.236449,-122.352082,20200713,85,0
e28df26de8f68f72e44a3da170ae0797,gas_transport,64.61,M,OK,73034,35.6665,-97.4798,116001,Media buyer,1373684005,36.140334,-97.483867,20200713,28,0
a25938f8f6cd3e16776893a51381a5a6,gas_transport,45.49,F,NE,68881,41.4193,-99.3844,73,Product designer,1373684035,41.098291,-100.129047,20200713,86,0
8e629e472a7a82a626d95d2996222f13,gas_transport,63.32,F,VT,5461,44.3346,-73.098,4542,Claims inspector/assessor,1373684088,44.596356,-72.195099,20200713,23,0
390fafca2dc4177375a51818b2c7cbd4,grocery_pos,36.23,M,CA,94619,37.7878,-122.1884,381459,Barista,1373684088,37.951814,-122.149095,20200713,47,0
7b0f1e68c815f338af1fab8c3ad32178,misc_net,1.73,F,SC,29661,35.0296,-82.5136,5648,Museum/gallery exhibitions officer,1373684169,34.664766,-83.249826,20200713,87,0
53e73f64d899409cce8d31ea58991b35,grocery_pos,118.96,F,FL,33620,28.06,-82.4079,717255,Waste management officer,1373684215,28.60524,-82.735503,20200713,55,0
a9cf02452620505a66071637b950548a,grocery_pos,210.69,F,WY,82901,41.606,-109.23,27971,Music therapist,1373684230,41.635094,-109.546643,20200713,37,0
1202b1f8863f34255c01ee2b945ee6e2,gas_transport,64.2,M,CA,92128,33.0067,-117.069,1241364,Chartered public finance accountant,1373684230,33.598479,-116.924213,20200713,62,0
6a2b366167176b33e1c497d8343ee3e2,misc_pos,44.82,F,NJ,7060,40.6152,-74.415,71485,Leisure centre manager,1373684240,40.78289,-73.511126,20200713,47,0
10e79ef5f014f459926c2be6b79b7a7c,entertainment,2.09,M,MS,39665,31.6453,-90.1801,1196,"Librarian, academic",1373684245,31.229082,-91.176311,20200713,63,0
77783912f23b929b5e1e5a588897ae63,grocery_pos,98.35,M,CT,6444,41.7918,-72.7188,370,Health service manager,1373684291,42.760645,-72.071214,20200713,59,0
b5f78011b809044fc2efeefea7da8f41,misc_net,3.19,F,OK,73669,35.7382,-98.7388,1675,Barrister,1373684312,35.233051,-98.982029,20200713,35,0
cbcb0007e2d123e2b83c64063ac9d2b5,gas_transport,62.08,F,MO,63665,37.3272,-91.0243,241,Investment analyst,1373684323,36.652637,-91.956087,20200713,46,0
5280bcbb2284aa9b93762cc4617dc4da,grocery_pos,92.32,M,OH,45051,39.0965,-84.6431,177,Exhibition designer,1373684392,39.570492,-84.350571,20200713,47,0
5c01132d2288be3b4dd3e58d3e16af42,gas_transport,56.91,F,GA,30009,34.077,-84.3033,165556,Prison officer,1373684392,34.36744,-83.903496,20200713,23,0
65c818bdd8e265f1f428a5d89231f19f,grocery_pos,97.04,F,NY,14816,42.1939,-76.7361,520,Psychotherapist,1373684401,41.599004,-77.56448,20200713,29,0
2210a09b7a10e35c56f770c4d5acc42a,shopping_net,6.78,M,NE,68403,40.9207,-96.168,206,Human resources officer,1373684435,40.849913,-95.837741,20200713,54,0
084cb25157039f3d0c2a38832eb277d2,grocery_pos,130.63,F,MT,59448,48.2777,-112.8456,743,Water engineer,1373684438,48.115111,-112.535397,20200713,49,0
6bcf49322387bbd7d53ffa7a09b68f9c,grocery_net,32.89,M,WI,53228,42.9676,-88.0434,817312,"Accountant, chartered public finance",1373684484,43.510241,-87.861909,20200713,17,0
c0d4ceddc042fccffff611e89ea67cef,grocery_pos,108.54,M,ME,4287,44.0575,-69.9656,3224,"Engineer, electronics",1373684484,43.701985,-70.259418,20200713,24,0
83083898d7180fc25765e75e85be9e59,grocery_pos,119.48,F,IL,60913,41.1573,-88.0619,1617,Medical secretary,1373684500,41.298471,-87.956047,20200713,31,0
780ab2ac5667ddcd585e060d85e90de7,grocery_pos,90.2,F,AL,35554,33.9315,-87.6194,1186,Politician's assistant,1373684504,34.56086,-88.051795,20200713,34,0
b09ead449923f98fde8db8b34c87b99f,shopping_pos,6.92,M,NY,14445,43.1128,-77.4906,8019,Retail buyer,1373684555,42.286876,-76.821376,20200713,93,0
ec5c5fef21100189f6e5b97846b255a9,gas_transport,60.71,F,LA,70808,30.4066,-91.1468,378909,"Designer, furniture",1373684573,29.990234,-91.843859,20200713,44,0
d04aeef1aa5759efcb41d03565c19f87,gas_transport,76.64,M,WI,53061,43.9446,-88.0911,5196,Child psychotherapist,1373684652,43.015553,-88.165969,20200713,43,0
db4f032140a5dda5ab458f6d6bbb2fb8,misc_pos,9.06,F,OH,44483,41.2639,-80.8164,75903,Magazine features editor,1373684659,41.595934,-81.699673,20200713,64,0
2dc5ba9838cc2bcff7edc9a1f39febaf,shopping_net,1.68,F,TX,78113,28.9814,-98.0156,2435,"Engineer, mining",1373684696,29.730754,-97.522039,20200713,54,0
6a207a8018f9b02e89acc0d5fdb2d711,shopping_pos,124.81,M,IL,62571,39.39,-88.9597,1532,Radio broadcast assistant,1373684716,39.3281,-89.271336,20200713,41,0
deba0f11fcb8a5d939fffef2d1ed7d8b,grocery_pos,83.59,M,TX,76248,32.9276,-97.2489,95035,Probation officer,1373684730,32.017475,-97.187638,20200713,34,0
c1ac59f386a5a1f860de6a9070ef1b04,grocery_pos,125.23,M,ME,4210,44.0948,-70.239,23045,Tourist information centre manager,1373684736,44.775668,-70.801107,20200713,63,0
ddc3ef0f271323a6f40e23f4424dfbdf,grocery_pos,102.09,F,IL,62262,38.9311,-89.2463,1810,Race relations officer,1373684778,39.448837,-88.806864,20200713,46,0
c08b58d83fed1f464c73b3ed36fa5d4b,misc_pos,2,F,AL,36009,31.571,-86.2743,2566,Exercise physiologist,1373684818,31.077143,-85.568604,20200713,63,0
0bc4f67ca522edb64a073d16376ba894,gas_transport,71.5,F,OH,44902,40.7559,-82.5123,92985,Press photographer,1373684829,40.178278,-83.406156,20200713,53,0
23d94fd07ae2d3b5f13ccf2867937c35,grocery_pos,38.3,M,MI,49621,44.8605,-85.8138,3096,"Social research officer, government",1373684866,44.881774,-86.502412,20200713,45,0
852e0824fd44e9029aee7c034a650371,grocery_net,34.94,M,OK,73034,35.6665,-97.4798,116001,Media buyer,1373684890,35.718289,-96.994312,20200713,28,0
24a9eef6aca4453039c5479957091a11,grocery_pos,98.3,M,PA,17088,40.3087,-76.2963,823,Gaffer,1373684893,39.655877,-75.979634,20200713,39,0
45bff81e275057d2d7543de3f009ca84,grocery_pos,105.67,M,IL,61335,41.173,-89.2187,532,Audiological scientist,1373684906,40.817517,-88.611072,20200713,65,0
f992314a4619630127bdb6ae563619a3,gas_transport,72.84,F,CA,95148,37.3304,-121.7913,973849,Geoscientist,1373684920,37.408482,-122.487557,20200713,24,0
814337d9148eded4b8c1aa593c10eb98,gas_transport,76.24,F,NY,13304,43.2237,-75.1612,1684,IT trainer,1373684979,42.257777,-74.383503,20200713,27,0
2edb41adc1c2d691f98892d1f42e2805,grocery_pos,216.08,F,CO,80120,39.5994,-105.0044,320420,Water engineer,1373685024,40.503929,-105.871033,20200713,46,0
5411172fe6b92f1a5e3ff80f05214352,grocery_net,23.54,F,IA,51521,41.4768,-95.3509,2036,Engineering geologist,1373685100,40.976654,-96.021768,20200713,50,0
520d7d1adf4548293e4ee6d8a8195b4d,shopping_net,89.04,M,IL,62970,37.1935,-89.0933,639,Mechanical engineer,1373685116,38.124839,-88.943668,20200713,39,0
370e4cb8f27f1f91938585d02dcdc296,shopping_pos,143.83,M,CO,80436,39.7532,-105.6356,565,Mental health nurse,1373685157,39.110365,-105.858797,20200713,43,0
89884d9bf3122d05c9bac46a9f2a11ae,gas_transport,42.58,M,WI,53228,42.9676,-88.0434,817312,"Accountant, chartered public finance",1373685164,43.643882,-88.953511,20200713,17,0
8532fd58f9fc5f20f7ae923bd9c4f7bd,grocery_pos,132.09,M,AR,71960,34.4596,-93.6743,1383,Magazine features editor,1373685236,33.60072,-94.62123,20200713,55,0
1a7d90d52f56e2928aede3e9b250ffcf,gas_transport,69.18,F,AZ,85086,33.8155,-112.1202,1312922,Counselling psychologist,1373685239,34.311005,-111.520858,20200713,21,0
ca613817c1f4ce65ad9acd33f3f70d04,gas_transport,61.83,M,AL,35229,33.4629,-86.7904,493806,Musician,1373685244,33.099997,-85.913977,20200713,41,0
81be7da9cd5508ebaaf9bfa06ab8804c,grocery_net,39.43,M,NJ,7747,40.4109,-74.238,30770,Drilling engineer,1373685246,40.488227,-74.429715,20200713,28,0
5d6fac610c6db18c75d7a5d47f65b9f0,gas_transport,61.84,M,KY,40077,38.4921,-85.4524,564,Pensions consultant,1373685249,39.271285,-85.566454,20200713,25,0
0c7d7ce4e06fac8ca8c44cbb3048876c,shopping_net,9.39,F,PA,17929,40.6284,-76.195,1606,Ecologist,1373685291,40.773209,-75.416878,20200713,55,0
8285be6c9c349abb90c22f39b9c3a16b,misc_net,250.52,F,KY,41056,38.6207,-83.8067,14228,Advertising account executive,1373685303,38.994514,-83.7894,20200713,50,0
74eb15b2c7e1bc44a6b5e17bd79ee281,grocery_pos,114.98,F,OH,43330,40.813,-83.4196,118,Private music teacher,1373685324,40.572682,-84.348631,20200713,63,0
fed93b0c8bb185109d04d839cb02f375,gas_transport,49.48,F,IL,62661,39.6704,-89.8588,1213,English as a foreign language teacher,1373685333,40.286919,-90.202227,20200713,30,0
c4db2ddd1c901f62fe87dc3f3cd3ba0f,gas_transport,63.52,M,NY,14711,42.32,-78.0943,1766,Mechanical engineer,1373685351,41.476695,-77.229213,20200713,59,0
6c8e60c35c8e7b03ca4ed9573a5525c8,shopping_pos,8.03,F,WI,54981,44.3481,-89.1101,15426,"Engineer, civil (contracting)",1373685382,44.968661,-89.551372,20200713,85,0
e92c4979cf352817a9edced4dc7e2cf8,entertainment,60.64,M,MN,55001,44.8696,-92.8234,2916,Barrister's clerk,1373685400,44.497971,-92.155359,20200713,86,0
8ad4a00841623470b4b3c051a037ccb8,gas_transport,64.91,M,KS,67635,39.6094,-100.4112,169,"Librarian, public",1373685422,39.332058,-100.294769,20200713,68,0
50ae1889fb9abf5370102bd6d7fe3104,grocery_pos,185.39,F,VT,5733,43.8065,-73.0882,5895,"Scientist, marine",1373685497,44.749494,-73.061286,20200713,46,0
9aab3cf7a96c12de39562273239ff052,gas_transport,63.62,M,KS,67584,38.6411,-100.138,269,Product/process development scientist,1373685513,38.807443,-99.545641,20200713,58,0
deeb947bb12a63cead55d8dee6bd308c,misc_pos,22.35,M,VA,22824,38.8432,-78.6003,6018,"Designer, multimedia",1373685583,39.770816,-77.789116,20200713,74,0
ce414f0d7a51afc99eeb720d6e3dd861,gas_transport,55.61,F,SC,29320,34.9572,-81.9916,530,Animal technologist,1373685606,35.232107,-81.607349,20200713,32,0
69d6547d49be3a4d5889bd0430b1385f,misc_net,208.84,F,MO,64114,38.9621,-94.5959,545147,Counsellor,1373685611,38.093551,-94.832204,20200713,33,0
b010bb7508895cf66b57f726e2f81836,grocery_pos,115.13,F,NY,13647,44.6087,-74.9732,69,Chief Executive Officer,1373685656,45.010513,-75.695301,20200713,30,0
8c14ccb95bc1d9d7e56855ed5d01e474,misc_pos,2.07,F,CA,92637,33.615,-117.7114,45303,Sales executive,1373685659,33.153378,-118.253874,20200713,51,0
2acccc8ae3c2a5c8dba79d74538e139a,grocery_net,51.84,M,FL,33844,28.0758,-81.5929,33804,Exercise physiologist,1373685676,28.559617,-81.166997,20200713,30,0
30b2c8926269de8316bc7646392b7a04,entertainment,6.58,M,OK,74074,36.1043,-97.0609,55345,Cabin crew,1373685701,36.247555,-97.743031,20200713,73,0
f6ce082b63d7285e749564f96f88c306,shopping_pos,1.06,M,NE,68961,40.201,-98.0684,732,Television/film/video producer,1373685755,40.240755,-97.234561,20200713,64,0
9b45c13dcd49b4319f4873b09e2d283b,grocery_net,28.87,M,CO,80824,39.6171,-102.4776,207,Network engineer,1373685760,40.250835,-102.753688,20200713,65,0
40a13dac71adbe39f64458281a587f85,misc_pos,49.79,F,TN,37040,36.522,-87.349,151785,Pathologist,1373685797,36.940017,-87.813684,20200713,47,0
321f3b2786917445d1501841c976fde2,misc_net,33.46,F,TN,37040,36.522,-87.349,151785,Pathologist,1373685809,35.635094,-86.989628,20200713,47,0
9adce0a8c1d0c82f8a71b720862baaf1,grocery_pos,72.71,M,AL,35229,33.4629,-86.7904,493806,Musician,1373685819,34.090147,-86.876534,20200713,41,0
38327950a4f1351bb9624c243929c672,misc_net,25.09,F,CO,81642,39.3199,-106.6596,61,Public relations account executive,1373685936,39.454218,-106.410546,20200713,81,0
009ed1d2973cd8220227fb377328c270,grocery_net,100.14,F,MO,64874,36.7651,-94.0492,760,Production manager,1373685941,36.067313,-94.092287,20200713,36,0
bfd3ba6ca7cc6ebb677d5dc9a525c654,gas_transport,61.06,M,MA,1330,42.5232,-72.811,1506,"Production assistant, radio",1373685967,43.283189,-73.384963,20200713,61,0
64ccb0e0ad90f3807f8ac2c9becbf2e0,gas_transport,62.32,M,PA,16421,42.1767,-79.9416,2518,Event organiser,1373685970,41.450872,-80.859233,20200713,75,0
7d96d2b0d9857a0a5c70cb1d3ac3d046,shopping_pos,133.22,M,PA,15077,40.6025,-80.3863,198,Secretary/administrator,1373685979,40.846236,-80.706144,20200713,42,0
6f6eb24818ca942401e2fa087a2d887a,shopping_pos,2.05,M,MD,21524,39.6967,-78.8031,626,Energy engineer,1373685995,40.556967,-78.952499,20200713,60,0
7c3b9cf095e1b74b69835a83e51496df,grocery_net,49.67,F,VT,5733,43.8065,-73.0882,5895,"Scientist, marine",1373686002,44.591019,-73.344997,20200713,46,0
39225871f5ea47a062dd9dd014779c5f,misc_net,9.69,F,WV,25526,38.4257,-81.9943,21902,Sub,1373686006,37.991206,-81.301441,20200713,41,0
6bf5c0fa9fd928c8d26303359b8d85c6,grocery_pos,107.1,M,WI,54559,46.4959,-90.4383,795,Television/film/video producer,1373686100,46.599699,-90.628126,20200713,35,0
29f7ba03ad1787b9aa41150bd5bbc6bd,shopping_net,88.11,M,WV,24878,37.3752,-81.6539,337,Advice worker,1373686115,36.561291,-81.689659,20200713,34,0
b7ad499936b9c38721cd9883651a899e,gas_transport,56.83,M,NY,10604,41.0592,-73.7395,11250,Lexicographer,1373686124,40.789061,-73.294504,20200713,44,0
3d063c91fb3168d86be4f1c8c0a180cb,shopping_pos,31.49,M,IA,52768,41.6858,-90.3706,1426,Agricultural consultant,1373686141,40.790752,-89.910375,20200713,64,0
a9ddfa9ee00aea24a76a80a6ebd7efc2,grocery_pos,89.45,F,OH,43160,39.537,-83.455,22305,Television floor manager,1373686159,40.484607,-83.094981,20200713,82,0
9d9c2d06a4cf5fca2d87ce869b2efe70,grocery_pos,117.01,F,SC,29320,34.9572,-81.9916,530,Animal technologist,1373686168,35.771191,-81.049865,20200713,32,0
f813b30bca21390ab7d87bc0c5bfc6d2,gas_transport,65.36,F,AR,72011,34.5091,-92.4828,4074,"Scientist, audiological",1373686169,34.834967,-92.813239,20200713,45,0
0fa5230c399c5336c2afd45c83b1d86d,gas_transport,37.99,M,MD,21865,38.2833,-75.8465,470,Music tutor,1373686184,38.916391,-76.433418,20200713,56,0
540f16a26ddeb64d850404edf273003a,misc_net,6.51,M,NY,14711,42.32,-78.0943,1766,Mechanical engineer,1373686228,42.810435,-77.451201,20200713,59,0
c3794dce4811e9276a534bcb208a510f,grocery_pos,136.06,M,GA,30756,34.9298,-84.9885,74,Pensions consultant,1373686231,34.764713,-85.943756,20200713,77,0
d147173dd2693c44ba6775eed343fe67,grocery_pos,193.06,F,AR,72011,34.5091,-92.4828,4074,"Scientist, audiological",1373686253,34.604103,-92.289359,20200713,45,0
e4e0e709feff1c41d006f30dd2d8266c,grocery_pos,111.45,F,OH,45622,39.3543,-82.503,321,"Copywriter, advertising",1373686255,40.207586,-82.194055,20200713,42,0
473f749ff2801766895a9a1a3fb6de70,shopping_pos,7.35,F,TX,75661,32.6205,-94.2,2807,Chiropodist,1373686277,32.523603,-94.464699,20200713,90,0
4274eba565a6f77646a8a2bb2dbabce0,grocery_pos,188.82,F,AL,36869,32.4204,-85.0796,59744,Chemical engineer,1373686288,32.833875,-85.941402,20200713,37,0
0ea563f810cd53b4eb304bb058301c89,gas_transport,73.08,M,MT,59542,48.8328,-108.3961,192,Further education lecturer,1373686299,48.953507,-108.212485,20200713,57,0
e2e7be0139d93aa3a17626959c8770e2,grocery_pos,185.67,F,NC,28405,34.2651,-77.867,186140,English as a second language teacher,1373686304,33.657872,-77.270374,20200713,38,0
1aa59063b4dbbea5a661220e493d2d03,misc_net,7.42,F,PA,16839,41.0036,-78.1104,489,Pension scheme manager,1373686348,41.108863,-78.779412,20200713,65,0
99fd647caa9d4b5585475dd388de2813,misc_pos,9.01,F,CA,95537,40.7268,-124.2174,276,"Scientist, audiological",1373686362,40.899149,-124.625208,20200713,92,0
4b04aa7580d6dc501ef784d48ae42313,grocery_pos,60.74,M,PA,15217,40.4308,-79.9205,687276,"Scientist, marine",1373686363,39.671459,-79.007476,20200713,47,0
1dd24c8da8a1220fb3f154a040051764,gas_transport,53.87,M,MN,56729,48.6669,-96.5969,140,"Embryologist, clinical",1373686435,49.153596,-95.878267,20200713,79,0
fa0f84f02c933dbebf1f79e41bbc1b63,gas_transport,41,M,NJ,8323,39.4055,-75.3209,804,Insurance risk surveyor,1373686439,38.542013,-75.20877,20200713,56,0
3ba781058736573d40d914344ff543c3,grocery_net,54.98,F,WY,82901,41.606,-109.23,27971,Music therapist,1373686445,41.39302,-110.097872,20200713,37,0
6069e4fb9be57f593cdae6e9d10cb44b,grocery_net,88.55,M,IN,46322,41.55,-87.4569,23727,Community arts worker,1373686473,40.784612,-88.228542,20200713,39,0
baf3ecd80cff99cdbf42cf384d68d9a5,grocery_pos,88.98,M,MT,59871,45.8433,-113.8748,218,"Therapist, horticultural",1373686482,46.317862,-113.597753,20200713,26,0
7839c57337cf9f577cf6d081c3c7d090,grocery_pos,102.75,M,WI,54418,45.203,-88.9983,1080,Information systems manager,1373686569,44.334219,-89.624477,20200713,42,0
d0b9cf37a46e9b9c3498607b0dd43908,shopping_net,5.43,F,MN,56549,46.9777,-96.4092,4508,Naval architect,1373686598,46.413535,-96.186922,20200713,72,0
84681e766458aaa4abe81b9689f9bd99,food_dining,44.76,F,NY,10548,41.2496,-73.9446,3487,Race relations officer,1373686619,40.966679,-74.367815,20200713,61,0
762aa841328a18f5ebba6cdbb6c2e180,misc_pos,2.99,F,NY,14537,43.033,-77.1575,207,Database administrator,1373686639,43.900176,-78.013335,20200713,59,0
6850e8a2e7ce8ae3d467e25c19943a6d,grocery_pos,101.09,F,SC,29939,32.6786,-81.2455,302,Magazine features editor,1373686645,32.503072,-80.253626,20200713,48,0
c9020d920170c01fe394c17d2046c3a0,misc_net,4.76,F,NH,3452,42.8178,-72.0275,5457,"Surveyor, hydrographic",1373686662,43.291985,-72.247176,20200713,71,0
d94b92cbfe054dca82cf5602442ce3a4,gas_transport,78.61,F,NJ,8014,39.8016,-75.3478,504,"Engineer, control and instrumentation",1373686667,39.961068,-75.369118,20200713,41,0
3616e3c975cffc19d89a06ef583ec548,misc_pos,7.39,M,MI,48636,44.6001,-84.2931,864,General practice doctor,1373686692,45.261963,-85.193822,20200713,79,0
b3ad79cdfe9c6db08f922c84012b8cad,entertainment,39.69,F,ND,58579,47.1709,-100.7944,1190,"Designer, ceramics/pottery",1373686692,46.990119,-101.612708,20200713,73,0
fd6a94a5dc87de4e99694f74de89bbed,gas_transport,39.19,F,SC,29324,34.9906,-81.8327,167,Museum/gallery conservator,1373686697,34.611656,-81.297775,20200713,32,0
07080145fa45b829cb9e1dd1e50f48df,grocery_net,39.46,F,TX,75452,33.4044,-96.2238,4090,Sub,1373686706,33.019226,-95.495938,20200713,44,0
0db63679164bf53b3dabf21faa715fad,shopping_net,101.76,M,MT,59014,45.2857,-108.9082,1446,Chartered loss adjuster,1373686722,45.96498,-108.511936,20200713,43,0
68759415a83560e849b50ddd3ac1b5cc,grocery_pos,79.87,F,MN,56546,47.0999,-96.727,346,"Research officer, trade union",1373686759,46.958644,-97.690292,20200713,44,0
430d0dd88b04f9198be204197844b5b9,grocery_pos,134.55,F,TX,76951,31.8351,-101.0017,1143,"Scientist, biomedical",1373686767,31.471166,-101.315617,20200713,59,0
ff0f81234ef691af9e3e2efd39104f26,grocery_net,35.99,F,NM,87109,35.1506,-106.569,641349,Civil Service administrator,1373686841,35.280555,-107.224222,20200713,45,0
b2732dc6731c43a02427a6605961a13d,shopping_pos,2.97,M,ID,83643,44.6255,-116.4493,129,Cartographer,1373686891,45.150438,-115.555375,20200713,55,0
be1c508076e731f482e39fffe10ec46b,food_dining,66.45,M,OK,73134,35.6174,-97.5583,640470,Advertising copywriter,1373686902,34.802526,-97.555302,20200713,55,0
c7ca79cd73ab5154b8884020f107fe50,gas_transport,106.26,F,MA,1257,42.1001,-73.3611,2121,Radio producer,1373686915,41.679395,-73.614848,20200713,47,0
0f310c9871fb1f264cd9673abb49d2c1,shopping_pos,1.16,F,PA,15449,39.9636,-79.7853,184,Systems developer,1373686949,40.072176,-79.124608,20200713,75,0
a10b2ec37abc511d96c7a2d8efe4488e,grocery_pos,119.79,F,WA,98238,48.34,-122.3456,85,"Research officer, political party",1373686958,48.172331,-122.494991,20200713,37,0
cc943f9faadd2aa1a008e32bf5d72ee5,grocery_pos,43.63,M,TX,78040,27.5155,-99.4986,248858,Video editor,1373686977,26.644013,-98.735553,20200713,50,0
755f64cf54939052d302b4b8a3fb8bf7,gas_transport,61.76,M,NE,68463,40.8731,-96.1528,1517,Dealer,1373687017,41.722413,-95.976263,20200713,69,0
1e15d44bb21f95ed971593933ff92d3e,grocery_pos,116.07,M,OH,45698,39.283,-82.3977,341,Accounting technician,1373687064,39.673276,-81.972978,20200713,42,0
add56e6fc6090a0702a849227f6c1912,grocery_pos,189.26,F,WV,24970,37.7418,-80.4626,4575,Statistician,1373687069,38.719356,-79.686169,20200713,29,0
2ca069cd45cc3a77a4b6503ca30d0598,gas_transport,68.9,M,VA,22213,38.8954,-77.1633,207410,Mudlogger,1373687079,39.7624,-76.53628,20200713,37,0
e9aa6912c3615dc092e1337cb4862377,misc_pos,31.26,M,WI,54441,44.6437,-90.1031,828,Arts development officer,1373687083,45.092252,-90.369726,20200713,30,0
a170e1387b2ddd5cab10c12234d12faa,gas_transport,64.24,F,TX,75858,31.3833,-95.0619,43,"Engineer, production",1373687107,31.41923,-95.265072,20200713,72,0
7ddd8001d532bea8213c0876069311f7,entertainment,11.62,F,NY,14510,42.6835,-77.8664,4895,Acupuncturist,1373687118,41.894489,-77.110927,20200713,62,0
51e9ab4d081e2a6f4244c6882105fe3d,grocery_net,23.11,M,AL,35747,34.4959,-86.259,5901,Curator,1373687131,33.697381,-86.580964,20200713,49,0
3d70cc4feef5fe3578904dce8d6251ae,grocery_pos,97.76,F,OH,45622,39.3543,-82.503,321,"Copywriter, advertising",1373687149,39.547564,-81.84544,20200713,42,0
4d9139eb14fa8db0730eaa4170ccb5a7,grocery_pos,97.24,F,WI,54981,44.3481,-89.1101,15426,"Engineer, civil (contracting)",1373687180,45.154246,-89.220642,20200713,85,0
926093ee57d53852dc145ee19d0cfa25,grocery_pos,104,M,MI,49826,46.3481,-87.0436,137,Film/video editor,1373687196,46.760972,-87.685582,20200713,31,0
4289040f4842caa6b45a0a416e0a3fdb,grocery_net,100.87,M,FL,32780,28.5697,-80.8191,54767,Set designer,1373687201,28.674193,-80.525492,20200713,34,0
928e11264b3614c325d888f3225e9e82,grocery_pos,35.45,M,TN,37754,36.115,-84.0438,4729,"Geologist, wellsite",1373687209,36.088447,-85.029152,20200713,39,0
7e9d2680a172810acd3a7ecc4de843fc,entertainment,7.97,M,NH,3858,42.8678,-71.042,4603,"Therapist, music",1373687222,42.290762,-70.437602,20200713,68,0
8577883758360b20085de37306367ae3,misc_net,4.18,F,CA,92637,33.615,-117.7114,45303,Sales executive,1373687224,34.034319,-118.56369,20200713,51,0
6729aed160456c85e989ec17be79309f,grocery_pos,194.7,F,TX,76665,31.929,-97.6443,2526,Phytotherapist,1373687244,32.650215,-98.174818,20200713,50,0
b928305a7b12b970c67fc8cbcbe87e65,gas_transport,62.9,F,MN,56668,48.6031,-93.2977,136,Ceramics designer,1373687335,48.016811,-93.408018,20200713,21,0
30254308bdc949ee7397b7f84f05a51c,gas_transport,67.39,F,CO,81642,39.3199,-106.6596,61,Public relations account executive,1373687335,40.0941,-106.133257,20200713,81,0
d675e8d48f0e7a09de0a477037d9db8f,grocery_net,13.37,F,PA,15377,39.9914,-80.4408,724,Theme park manager,1373687354,40.455661,-81.142827,20200713,26,0
39c80b4e4d11cca98bb4d2cb9e1ba551,gas_transport,106.57,M,MI,48850,43.4269,-85.2924,4474,Emergency planning/management officer,1373687390,44.397745,-86.246819,20200713,45,0
ebe8edc67b995598bfb47f9ce63e336a,gas_transport,46.06,F,MD,20687,38.0828,-76.3477,313,Insurance underwriter,1373687392,38.098384,-77.0735,20200713,45,0
e4477872912f4ac651b293d12847c128,gas_transport,57.4,M,NE,68973,40.4591,-98.5551,463,"Nurse, mental health",1373687446,41.170437,-97.875391,20200713,73,0
42ee5352834b8c82e977ad1c6af5dbd1,shopping_net,87.96,M,TX,77971,28.7724,-96.4793,911,Archaeologist,1373687515,28.172323,-95.706799,20200713,51,0
017cdb1d96fe345fa6b6d4061fcc002e,misc_net,3.52,F,KY,40170,37.9048,-86.524,344,Chartered public finance accountant,1373687553,37.377677,-86.393,20200713,54,0
b332938555841d68b69ab76f8e9d2205,shopping_pos,4.24,F,NY,14510,42.6835,-77.8664,4895,Acupuncturist,1373687579,42.041228,-77.213977,20200713,62,0
f81190c68890dd91545f189edff83def,misc_pos,59.1,F,PA,15432,40.1151,-79.8627,427,Mining engineer,1373687591,40.500181,-80.681968,20200713,70,0
4ede9402d9e7f62aea4d1624b13c58e7,food_dining,45.65,F,CA,92637,33.615,-117.7114,45303,Sales executive,1373687608,33.912841,-116.717991,20200713,51,0
909974d42ebf1a4c1359f026c4228569,grocery_pos,88.95,F,MO,63665,37.3272,-91.0243,241,Investment analyst,1373687612,36.770064,-91.429675,20200713,46,0
d5518dbc524c0b7344ef53866e758776,grocery_pos,228.29,F,AZ,85020,33.5623,-112.0559,1312922,Contractor,1373687658,33.987363,-111.420874,20200713,39,0
ae5a7cb020fd50569ae5f4c10c6db6a6,grocery_pos,112.39,F,NJ,8014,39.8016,-75.3478,504,"Engineer, control and instrumentation",1373687679,39.067897,-75.265547,20200713,41,0
24071f5eaa0d9ec8cb7b071f39724231,grocery_net,57.86,F,TN,37932,35.9335,-84.1481,391389,"Designer, industrial/product",1373687700,36.419703,-83.713201,20200713,27,0
b16dcbaf0b3d5c19aacd23144f1c31cd,misc_net,4.93,F,WA,98027,47.4974,-122.0107,50489,Osteopath,1373687814,47.784897,-121.02443,20200713,37,0
2c7acaf329f807a607b29197d44587ca,misc_pos,4.61,M,OH,44702,40.8027,-81.3739,192805,Building control surveyor,1373687821,39.928269,-81.821111,20200713,58,0
a3336718848483cf5ec4da52cd1d49c9,grocery_pos,129.51,F,PA,17929,40.6284,-76.195,1606,Ecologist,1373687852,41.240128,-76.398972,20200713,55,0
d2002e85bb77f45c2aacbbc8271f6bdb,grocery_pos,68.07,M,NJ,7747,40.4109,-74.238,30770,Drilling engineer,1373687895,39.747761,-74.131298,20200713,28,0
8ddd97cb9c2365c8f6e871f8a1790187,grocery_pos,90.11,F,IL,62262,38.9311,-89.2463,1810,Race relations officer,1373687896,38.282,-88.35719,20200713,46,0
2672a9002a78a3731f3ab2786bd93df5,gas_transport,59.88,F,IN,47451,38.8938,-86.5246,1228,Counsellor,1373687946,38.872907,-86.979575,20200713,30,0
5a376f6d4db70ab008aad086b0b58569,gas_transport,66.55,F,KS,67020,38.0261,-97.6666,1689,Gaffer,1373687946,38.30433,-96.845745,20200713,23,0
39d667f07170d8ca56c6dc0510fc2288,gas_transport,47.45,M,AR,72165,35.5762,-91.4539,111,Careers information officer,1373687948,35.732785,-90.604224,20200713,21,0
84108bc803ad05bebb22c81e1ddf7fd7,gas_transport,72.21,M,TX,79063,34.5444,-102.1069,686,Petroleum engineer,1373687984,35.140405,-101.785254,20200713,41,0
64ea1538590ca94c1a5da1efb6ccb6ad,misc_pos,57.84,F,OH,44902,40.7559,-82.5123,92985,Press photographer,1373688057,41.719791,-81.772661,20200713,53,0
9509eb575a23fb528ee6a2c0b92152cd,gas_transport,47.05,F,KS,66941,39.7562,-98.4462,242,Tourism officer,1373688062,39.881193,-98.555079,20200713,34,0
9496ef6de03317a027b8d365414c7280,food_dining,105.14,F,FL,33620,28.06,-82.4079,717255,Waste management officer,1373688113,27.828141,-82.394733,20200713,55,0
902f48ac5a290db3755824a989a59a9b,shopping_pos,8.77,F,OH,43408,41.5686,-83.3632,269,Insurance underwriter,1373688119,40.756823,-82.423124,20200713,56,0
a4581a6bc31bbf1dd766882710a95ca9,grocery_net,85.42,F,WV,25526,38.4257,-81.9943,21902,Sub,1373688146,39.22145,-82.088785,20200713,41,0
65664f0094cae6eb8e96b9a81d37e94a,misc_pos,6.3,F,PA,17058,40.5553,-77.4001,1909,Mining engineer,1373688154,40.349443,-77.648583,20200713,67,0
8e1fa62858965e62cd4a4867fdf2823c,grocery_pos,57.82,M,MN,56379,45.604,-94.1591,16163,Hydrographic surveyor,1373688162,45.028632,-93.658056,20200713,34,0
b6c88b71989c42bacaa30d87a9d97155,grocery_pos,123.79,M,CA,94569,38.046,-122.1866,198,Armed forces training and education officer,1373688175,37.797732,-121.648314,20200713,62,0
7f52bfd683a442607f56dfda14813133,grocery_pos,73.46,M,AL,36853,32.8224,-85.7704,8269,Minerals surveyor,1373688227,32.655846,-85.013118,20200713,44,0
e44cab72d7c288ff4820e7d4fe7f8aed,misc_pos,43.28,F,NC,27807,35.8072,-78.0892,6629,Call centre manager,1373688238,35.106369,-77.484952,20200713,59,0
ca4826f3385cde8d084960dcb1611b6a,gas_transport,71.57,M,KS,67529,38.0649,-99.2374,365,Equality and diversity officer,1373688240,38.833473,-100.108828,20200713,30,0
cc99262def70d781224d17bb329b31c6,gas_transport,66.92,F,OH,43767,39.9934,-81.8024,1443,Research scientist (medical),1373688293,40.748262,-81.373127,20200713,59,0
3334b232f3369d702c0a1a40bc79d1b1,gas_transport,48.94,F,AR,72476,36.0244,-90.9288,7155,"Engineer, control and instrumentation",1373688351,36.657359,-91.08597,20200713,44,0
9cc1fb9868c25560efe82bdef9fcd56a,grocery_net,97.21,F,FL,33417,26.7197,-80.1248,459921,Historic buildings inspector/conservation officer,1373688376,26.424981,-80.439953,20200713,61,0
887dc5ad1de8e5003e4ff9c1fd988cef,grocery_pos,207.51,F,OH,44412,41.0935,-81.0425,2644,"Engineer, biomedical",1373688379,40.758325,-80.049928,20200713,38,0
f3e1dcf117b88f7f9b41607eeffe1121,gas_transport,44.79,F,KY,42171,37.0581,-86.1938,6841,"Therapist, sports",1373688403,36.625915,-85.486856,20200713,22,0
abcc316423239778d5dc2726cfa8e57e,grocery_pos,152.58,F,MO,64726,38.5319,-93.9221,467,Agricultural consultant,1373688406,39.432406,-93.683507,20200713,71,0
646bb7bf25d783ee2807f0534cc4e1ab,grocery_pos,182.31,F,TX,77007,29.7736,-95.4034,2906700,"Copywriter, advertising",1373688504,29.989939,-95.333251,20200713,36,0
3f53fc25f4ff607880d6f01f634ec76d,shopping_net,3.34,F,MI,49879,46.368,-87.9938,1038,Armed forces training and education officer,1373688558,46.361841,-87.45058,20200713,57,0
cbb5f6e3e93f2bbe9ff43716b5c8be7c,misc_pos,36.64,M,WY,82514,43.0048,-108.8964,1645,Freight forwarder,1373688565,42.706364,-108.153283,20200713,45,0
bc121c5cbe1dfffdcd19b15edf23208e,gas_transport,47.84,F,ND,58259,48.0204,-98.1186,454,"Producer, television/film/video",1373688615,47.871391,-97.178526,20200713,49,0
63415d591a375fda47f0f25d469a8aa2,grocery_net,56.39,F,OK,73559,34.7032,-98.9591,540,Research scientist (life sciences),1373688637,35.202069,-99.68464,20200713,37,0
50281cbbea8d32fe3bde102977110e19,grocery_pos,137.47,F,WA,98304,46.7531,-121.9898,759,Video editor,1373688662,47.440657,-121.21562,20200713,65,0
0b24ffab7d68036c8a7a713a467e8880,misc_pos,2.97,F,CA,92882,33.8419,-117.6043,233717,Wellsite geologist,1373688686,34.032607,-118.357052,20200713,55,0
36c3d4884d6dc7f10c5161e6fdcf532c,gas_transport,57.28,F,SC,29170,33.9568,-81.1405,52126,Chemical engineer,1373688743,34.792175,-82.104258,20200713,92,0
d9c2db548ea59fe7045c2493ca850312,grocery_net,88.13,F,KS,66018,38.9462,-94.9714,5760,Chief Executive Officer,1373688769,38.84923,-95.230001,20200713,43,0
ade87172488f31f416cd623ab0657807,gas_transport,83.87,M,WA,99033,47.2271,-117.0819,895,Clothing/textile technologist,1373688803,47.077107,-116.126037,20200713,22,0
30a2bd74796313a8e06570ef3f8329cd,gas_transport,32.57,F,PA,16114,41.3851,-80.1752,606,Energy manager,1373688806,42.248647,-79.938182,20200713,24,0
56a0c8f1bcf35c7cd700f59feff8c8e5,grocery_pos,110.14,F,AL,36749,32.5104,-86.8138,1089,Materials engineer,1373688808,33.084129,-86.6099,20200713,49,0
91f485c84e3255d4089828f7f3e87777,grocery_pos,185.78,F,NJ,7060,40.6152,-74.415,71485,Leisure centre manager,1373688815,41.034443,-75.168094,20200713,47,0
a604ccc8b924132f3b9f3b715d8b821c,shopping_pos,9.27,F,WI,54981,44.3481,-89.1101,15426,"Engineer, civil (contracting)",1373688815,44.403838,-89.411826,20200713,85,0
9cb8f06031eb5600d1a31dd5146530fd,gas_transport,63.6,F,KY,40336,37.6858,-83.9862,13061,"Editor, magazine features",1373688855,38.086252,-84.296137,20200713,62,0
b47e04c1095377b8e1a02b41ae57fd95,misc_net,1.38,M,FL,33813,27.9611,-81.9398,237282,"Radiographer, therapeutic",1373688874,28.114491,-82.13574,20200713,60,0
b306a111b73ea1eeaf1d64e8b3cd04e5,misc_net,4.72,F,TX,76050,32.2779,-97.2351,5875,"Radiographer, therapeutic",1373688888,33.0347,-96.687187,20200713,29,0
11e216abb94c9443ce8c02aa33e06e07,grocery_pos,223.14,F,AZ,85173,33.2887,-111.0985,2872,Petroleum engineer,1373688904,32.663286,-110.104644,20200713,33,0
694ee47cf1b4f8546603e37a49cc7efc,shopping_net,5.11,F,NY,13615,44.0577,-76.0196,1271,"Producer, radio",1373688966,43.535599,-76.164468,20200713,63,0
32702a1b26dcb789ef8e18b88b207b60,entertainment,60,F,IL,62023,39.1118,-89.7855,91,Materials engineer,1373688982,39.203379,-90.361099,20200713,58,0
5c3ed31a14db55f411b99966042f4639,misc_pos,2,M,NM,88325,32.9396,-105.8189,899,Naval architect,1373689026,32.354039,-104.846081,20200713,54,0
7f7a853d1adf9d221fb7fa59786ec2b3,gas_transport,73.32,M,FL,32935,28.1384,-80.6524,139650,Database administrator,1373689042,27.565779,-80.351412,20200713,64,0
63f4729aadba7245d7bcb675f5f3cdfc,gas_transport,59.73,F,FL,32323,29.8826,-84.5964,217,Television production assistant,1373689121,28.960569,-84.561652,20200713,31,0
3d7a6f9ac57c8770fc5b41d85d42447b,misc_net,476.86,M,FL,34668,28.3011,-82.6927,42619,Environmental education officer,1373689163,29.048846,-83.631939,20200713,45,0
310d5571770e1e6a980f7e6119f4d0f5,gas_transport,73.14,M,KY,42211,36.802,-87.8286,13422,Commissioning editor,1373689187,37.586213,-87.388451,20200713,60,0
6b1e98b1f3a6a8da126cc70140f663fb,gas_transport,65.8,F,GA,30009,34.077,-84.3033,165556,Prison officer,1373689203,33.648816,-83.537134,20200713,23,0
1656f90b18e97203d03e3ebe8f8515d7,gas_transport,76.02,M,IA,50595,42.4657,-93.8262,9165,Medical secretary,1373689204,42.749975,-94.104034,20200713,58,0
be17f16687fb38a9df46c57283f487cb,gas_transport,62.75,M,MN,56019,44.1111,-94.9134,914,Health and safety adviser,1373689230,44.082527,-94.423933,20200713,77,0
87fe468de4becd1c71af1804b5b322a6,gas_transport,36.4,F,WA,98304,46.7531,-121.9898,759,Video editor,1373689256,47.656693,-121.749513,20200713,65,0
d8b5bd8770955a9df1ab2885b3e12b44,misc_pos,12.8,F,LA,71291,32.5317,-92.176,54185,"Radiographer, diagnostic",1373689270,33.301998,-92.752274,20200713,28,0
e44c1ca320dd9d8854032b12a0469df0,grocery_pos,94.83,M,IL,60072,42.4048,-88.3054,928,Outdoor activities/education manager,1373689326,42.597208,-87.566549,20200713,36,0
05f409f5bf7f25f72305f591d01be45d,grocery_net,89.17,F,TX,75662,32.3836,-94.8653,24536,Multimedia programmer,1373689353,31.981612,-94.646069,20200713,37,0
0e03bf4f2ad597af285c481ed6ef9439,gas_transport,59.34,F,LA,70732,30.6576,-91.6264,1178,Community education officer,1373689373,30.75231,-92.180105,20200713,70,0
9f3561203b5e6d64247fba3eea64f115,gas_transport,69.82,M,OH,43760,39.8788,-82.188,1831,Barrister's clerk,1373689383,39.139459,-81.914136,20200713,67,0
5196e7f36006be6a8d7badcbf5ef0b8c,misc_pos,104.97,F,NJ,7060,40.6152,-74.415,71485,Leisure centre manager,1373689387,40.27184,-74.867822,20200713,47,0
654cee68bb179c39cd7d6809fa5552d9,shopping_net,3.05,M,IN,47838,38.9763,-87.3667,4081,Energy engineer,1373689415,38.01012,-86.498633,20200713,83,0
5ec95b2ab6838ec82a5935d291ff980d,misc_net,118.04,F,IL,60913,41.1573,-88.0619,1617,Medical secretary,1373689423,40.438668,-87.310259,20200713,31,0
5f022836662f1878575b0f6968719b51,entertainment,82.86,F,KY,41810,37.1788,-82.695,502,Chief Financial Officer,1373689490,37.496926,-82.539291,20200713,61,0
451dab6ee5e292c3af04b769baa6013a,misc_pos,434.35,F,PA,16858,41.0001,-78.2357,3688,Dispensing optician,1373689497,41.079472,-78.036569,20200713,33,0
dc255e82fd200bdf71d4d16d6a7905a5,grocery_pos,65.99,M,IL,60193,42.0144,-88.0935,92294,Claims inspector/assessor,1373689504,41.27985,-87.593275,20200713,52,0
64c861a72159e481560580d56d19c681,shopping_pos,244.36,F,LA,71232,32.3929,-91.4714,6581,Multimedia programmer,1373689514,31.571083,-91.539332,20200713,57,0
2f154ec72d6b228593773d7245f86de6,grocery_net,59.69,M,ME,4287,44.0575,-69.9656,3224,"Engineer, electronics",1373689541,43.587609,-70.914109,20200713,24,0
f85b5ac94029e8ab5115e3bdea6afb65,grocery_pos,143.22,F,MO,64470,40.1362,-95.2138,1631,Architect,1373689580,41.030081,-94.417139,20200713,68,0
4ade2f1e621d394b985c65e1a75eb230,misc_pos,2.04,F,OR,97452,43.921,-122.7806,1420,Systems analyst,1373689606,43.294391,-123.392122,20200713,55,0
d53801d515fb86d525b2f479efbb8e0b,gas_transport,71.83,F,OH,43330,40.813,-83.4196,118,Private music teacher,1373689608,40.765373,-83.514582,20200713,63,0
3edade85263a4eb513a3a1eb48232608,gas_transport,58.72,M,TX,79252,34.2956,-99.7494,3202,"Librarian, public",1373689623,34.538482,-99.694338,20200713,23,0
73cd13497e57faaf40d2bd8d706f5c18,misc_pos,3.28,M,MI,49632,44.2529,-85.017,1126,Furniture designer,1373689648,43.70162,-84.919472,20200713,66,0
